freq,wst_oper,stk_flow,unit,geo\TIME_PERIOD	2010 	2012 	2014 	2016 	2018 	2020 
A,DSP_I,BAL_TRD,T,AT	-4301 	-1543 	-1862 	21728 	8933 	-27756 
A,DSP_I,BAL_TRD,T,BE	-3423 	-19027 	-38549 	218424 	-3296 	-13203 
A,DSP_I,BAL_TRD,T,BG	-26 	-27 	-59 	-511 	-57 	: 
A,DSP_I,BAL_TRD,T,CY	0 	0 	0 	193 	20 	17 
A,DSP_I,BAL_TRD,T,CZ	-66 	-191 	-21 	-673 	1826 	-132258 
A,DSP_I,BAL_TRD,T,DE	-32799 s	-70269 s	-120106 s	-45997 s	16282 s	38079 s
A,DSP_I,BAL_TRD,T,DK	0 	0 	5354 	0 	7569 	6113 
A,DSP_I,BAL_TRD,T,EE	22 	-2 	-8 	192 	: 	: 
A,DSP_I,BAL_TRD,T,EL	: 	: 	: 	: 	-6 	: 
A,DSP_I,BAL_TRD,T,ES	-318 	1942 	-19 	879 	-1772 	12443 
A,DSP_I,BAL_TRD,T,EU27_2020	-350000 	-160000 	-340000 	-1300000 	-90000 	-140000 
A,DSP_I,BAL_TRD,T,FI	0 	0 	0 	966 	1225 	465 
A,DSP_I,BAL_TRD,T,FR	-242846 	-5027 	-44547 	-22915 	-36885 	-30871 
A,DSP_I,BAL_TRD,T,HR	2979 	0 	0 	12174 	9946 	2021 
A,DSP_I,BAL_TRD,T,HU	-1473 	-254 	-140 	0 	196 	-460 
A,DSP_I,BAL_TRD,T,IE	-2955 	-4010 	-72 	14129 s	3526 	: 
A,DSP_I,BAL_TRD,T,IT	116133 s	132773 s	93421 s	112916 s	330105 s	350282 s
A,DSP_I,BAL_TRD,T,LT	75 	6087 	-36 	801 	670 	: 
A,DSP_I,BAL_TRD,T,LU	10 	15 	0 	4906 	2761 	4290 
A,DSP_I,BAL_TRD,T,LV	: 	: 	: 	: 	-496 	-337 
A,DSP_I,BAL_TRD,T,MT	1382 	697 	875 	563 	1054 	3013 
A,DSP_I,BAL_TRD,T,NL	144350 	5041 	-7010 	-13991 	-148706 	-44751 
A,DSP_I,BAL_TRD,T,PL	226 	1966 	-7 	-7 	1335 	-24 
A,DSP_I,BAL_TRD,T,PT	124 	3 	1276 	236 	-6810 	-145 
A,DSP_I,BAL_TRD,T,RO	0 d	0 d	0 d	0 d	-284 d	-141 d
A,DSP_I,BAL_TRD,T,SE	-1119 	814 	-7347 	974 	4197 	: 
A,DSP_I,BAL_TRD,T,SI	47 	1432 	4081 	4903 	27439 	17448 
A,DSP_I,BAL_TRD,T,SK	0 d	0 d	0 d	0 d	-51 d	-189 d
A,DSP_I,BAL_TRD,T,UK	3440 	36278 	-1440 	13162 	: 	: 
A,DSP_I,EXP,T,AT	1117 	2177 	1233 	41106 	11777 	18023 
A,DSP_I,EXP,T,BE	4683 	4037 	12877 	224336 	8942 	3751 
A,DSP_I,EXP,T,BG	0 	0 	0 	1 	3 	: 
A,DSP_I,EXP,T,CY	0 	0 	0 	193 	20 	17 
A,DSP_I,EXP,T,CZ	0 	83 	2 	23 	2040 	1653 
A,DSP_I,EXP,T,DE	42781 s	27892 s	15904 s	43113 s	66037 s	66262 s
A,DSP_I,EXP,T,DK	0 	0 	5354 	0 	7726 	6787 
A,DSP_I,EXP,T,EE	22 	0 	0 	215 	: 	: 
A,DSP_I,EXP,T,EL	: 	: 	: 	: 	4 	: 
A,DSP_I,EXP,T,ES	244 	2456 	97 	1000 	1402 	15033 
A,DSP_I,EXP,T,EU27_2020	80000 	80000 	100000 	450000 	190000 	250000 
A,DSP_I,EXP,T,FI	0 	0 	0 	967 	1226 	995 
A,DSP_I,EXP,T,FR	14006 	13067 	8260 	2635 	4537 	24913 
A,DSP_I,EXP,T,HR	2979 	0 	0 	12174 	9946 	2021 
A,DSP_I,EXP,T,HU	0 	0 	1 	0 	201 	0 
A,DSP_I,EXP,T,IE	102 	37 	3344 	14190 s	3719 	: 
A,DSP_I,EXP,T,IT	126362 s	142489 s	104148 s	119094 s	331297 s	350471 s
A,DSP_I,EXP,T,LT	75 	6087 	59 	801 	670 	: 
A,DSP_I,EXP,T,LU	23 	25 	0 	4906 	2761 	4290 
A,DSP_I,EXP,T,LV	: 	: 	: 	: 	247 	236 
A,DSP_I,EXP,T,MT	1382 	697 	875 	563 	1054 	3013 
A,DSP_I,EXP,T,NL	174176 	67109 	26212 	31499 	-87229 	90376 
A,DSP_I,EXP,T,PL	455 	2392 	44 	133 	1427 	1 
A,DSP_I,EXP,T,PT	124 	3 	1276 	236 	46 	255 
A,DSP_I,EXP,T,RO	0 d	0 d	0 d	0 d	2 d	56 d
A,DSP_I,EXP,T,SE	4424 	7963 	3657 	5339 	9584 	: 
A,DSP_I,EXP,T,SI	47 	1432 	4087 	4903 	27892 	17448 
A,DSP_I,EXP,T,SK	0 d	0 d	0 d	0 d	0 d	161 d
A,DSP_I,EXP,T,UK	4431 	39601 	4652 	17834 	: 	: 
A,DSP_I,FLOW_GRS,T,AT	1646815 	72417 	: c	: c	: c	: c
A,DSP_I,FLOW_GRS,T,BE	1974233 	2721802 	1689176 	1789313 	1743849 	591067 
A,DSP_I,FLOW_GRS,T,BG	2046 	5755 	18615 	11391 	5780 	99400 
A,DSP_I,FLOW_GRS,T,CY	6856 	6702 	20 	0 	0 	0 
A,DSP_I,FLOW_GRS,T,CZ	54418 	72332 	76850 	79088 	92259 b	87740 
A,DSP_I,FLOW_GRS,T,DE	12431317 	10850405 	8229198 	: c	1882024 	1944910 
A,DSP_I,FLOW_GRS,T,DK	0 	2873 	2412 	3200 	4471 	987 
A,DSP_I,FLOW_GRS,T,EE	21 	56 	12 	44 	7 	4 
A,DSP_I,FLOW_GRS,T,EL	21309 	20832 	21909 	7222 	7010 	6875 
A,DSP_I,FLOW_GRS,T,ES	156529 	7308 	8406 	13491 	156033 	98480 
A,DSP_I,FLOW_GRS,T,EU27_2020	35460000 	29680000 	25420000 	17260000 	14050000 	9520000 
A,DSP_I,FLOW_GRS,T,FI	366622 	437642 	485540 	54064 	96947 	137258 
A,DSP_I,FLOW_GRS,T,FR	7804639 	7151588 	5914155 	4848122 	4104787 	4033218 
A,DSP_I,FLOW_GRS,T,HR	20859 	93 	51 	56 	0 	0 
A,DSP_I,FLOW_GRS,T,HU	81122 	87395 	88707 	79633 	80831 	84272 
A,DSP_I,FLOW_GRS,T,IE	40323 	13417 	13122 	7489 	8879 	: 
A,DSP_I,FLOW_GRS,T,IT	6069300 	5804989 	6687100 	3712057 	3729985 	674043 
A,DSP_I,FLOW_GRS,T,LT	1494 	793 	2394 	1913 	2097 	2119 
A,DSP_I,FLOW_GRS,T,LU	123338 	133073 	0 	12 	0 	100 
A,DSP_I,FLOW_GRS,T,LV	213 	840 	543 	198 	235 	49 
A,DSP_I,FLOW_GRS,T,MT	7262 	5972 	6121 	5451 	4840 	6011 
A,DSP_I,FLOW_GRS,T,NL	3959389 	1594952 	1131746 	1160834 	1106244 	1145661 
A,DSP_I,FLOW_GRS,T,PL	356347 	324881 	671515 	570961 	626545 	283113 
A,DSP_I,FLOW_GRS,T,PT	24924 	32333 	22473 	23271 	30478 	33873 
A,DSP_I,FLOW_GRS,T,RO	121199 	182178 	68015 	99951 	79937 	82971 
A,DSP_I,FLOW_GRS,T,SE	86744 	43164 	107471 	198557 	128054 	69478 
A,DSP_I,FLOW_GRS,T,SI	35335 	36020 	34641 	37357 	39262 	38243 
A,DSP_I,FLOW_GRS,T,SK	65631 	71161 	58779 	36345 	40174 	11754 
A,DSP_I,FLOW_GRS,T,UK	5698610 	5915632 	7555918 	5684248 	7290101 	: 
A,DSP_I,FLOW_NET,T,AT	1642514 	70875 	: c	: c	: c	: c
A,DSP_I,FLOW_NET,T,BE	1970810 	2702775 	1650627 	2007737 	1740553 	577864 
A,DSP_I,FLOW_NET,T,BG	2020 	5728 	18556 	10880 	5723 	: 
A,DSP_I,FLOW_NET,T,CY	6856 	6702 	20 	193 	20 	17 
A,DSP_I,FLOW_NET,T,CZ	54352 	72141 	76829 	78415 	94085 b	-44519 
A,DSP_I,FLOW_NET,T,DE	12398518 s	10780136 s	8109092 s	: c	1898306 s	1982989 s
A,DSP_I,FLOW_NET,T,DK	0 	2873 	7766 	3200 	12040 	7100 
A,DSP_I,FLOW_NET,T,EE	43 	54 	4 	236 	: 	: 
A,DSP_I,FLOW_NET,T,EL	: 	: 	: 	: 	7004 	: 
A,DSP_I,FLOW_NET,T,ES	156212 	9250 	8387 	14370 	154261 	110923 
A,DSP_I,FLOW_NET,T,EU27_2020	35110000 	29520000 	25080000 	15960000 	13960000 	9380000 
A,DSP_I,FLOW_NET,T,FI	366622 	437642 	485540 	55030 	98172 	137723 
A,DSP_I,FLOW_NET,T,FR	7561793 	7146561 	5869608 	4825207 	4067903 	4002347 
A,DSP_I,FLOW_NET,T,HR	23838 	93 	51 	12230 	9946 	2021 
A,DSP_I,FLOW_NET,T,HU	79649 	87141 	88568 	79633 	81026 	83812 
A,DSP_I,FLOW_NET,T,IE	37368 	9407 	13050 	21618 s	12405 	: 
A,DSP_I,FLOW_NET,T,IT	6185433 s	5937762 s	6780521 s	3824973 s	4060090 s	1024325 s
A,DSP_I,FLOW_NET,T,LT	1569 	6880 	2358 	2714 	2767 	: 
A,DSP_I,FLOW_NET,T,LU	123348 	133088 	0 	4918 	2761 	4390 
A,DSP_I,FLOW_NET,T,LV	: 	: 	: 	: 	-260 	-288 
A,DSP_I,FLOW_NET,T,MT	8644 	6669 	6996 	6014 	5894 	9024 
A,DSP_I,FLOW_NET,T,NL	4103739 	1599993 	1124737 	1146843 	957538 	1100910 
A,DSP_I,FLOW_NET,T,PL	356573 	326847 	671509 	570954 	627880 	283089 
A,DSP_I,FLOW_NET,T,PT	25048 	32336 	23749 	23507 	23668 	33727 
A,DSP_I,FLOW_NET,T,RO	121199 d	182178 d	68015 d	99951 d	79654 d	82830 d
A,DSP_I,FLOW_NET,T,SE	85625 	43978 	100124 	199531 	132251 	: 
A,DSP_I,FLOW_NET,T,SI	35382 	37452 	38722 	42260 	66701 	55691 
A,DSP_I,FLOW_NET,T,SK	65631 d	71161 d	58779 d	36345 d	40123 d	11565 d
A,DSP_I,FLOW_NET,T,UK	5702051 	5951910 	7554479 	5697410 	: 	: 
A,DSP_I,IMP,T,AT	5417 	3720 	3095 	19379 	2843 	45778 
A,DSP_I,IMP,T,BE	8106 	23064 	51426 	5911 	12238 	16954 
A,DSP_I,IMP,T,BG	26 	27 	59 	512 	61 	: 
A,DSP_I,IMP,T,CY	0 	0 	0 	0 	0 	0 
A,DSP_I,IMP,T,CZ	66 	274 	23 	696 	214 	133912 
A,DSP_I,IMP,T,DE	75580 s	98161 s	136010 s	89110 s	49755 s	28183 s
A,DSP_I,IMP,T,DK	0 	0 	0 	0 	156 	674 
A,DSP_I,IMP,T,EE	0 	2 	8 	23 	: 	: 
A,DSP_I,IMP,T,EL	: 	: 	: 	: 	10 	: 
A,DSP_I,IMP,T,ES	562 	514 	116 	121 	3174 	2590 
A,DSP_I,IMP,T,EU27_2020	430000 	240000 	440000 	1750000 	290000 	390000 
A,DSP_I,IMP,T,FI	0 	0 	0 	1 	2 	530 
A,DSP_I,IMP,T,FR	256852 	18095 	52807 	25550 	41422 	55784 
A,DSP_I,IMP,T,HR	0 	0 	0 	0 	0 	0 
A,DSP_I,IMP,T,HU	1473 	255 	140 	0 	6 	460 
A,DSP_I,IMP,T,IE	3057 	4047 	3416 	62 s	193 	: 
A,DSP_I,IMP,T,IT	10230 s	9715 s	10727 s	6178 s	1192 s	189 s
A,DSP_I,IMP,T,LT	0 	0 	94 	0 	0 	: 
A,DSP_I,IMP,T,LU	13 	10 	0 	0 	0 	0 
A,DSP_I,IMP,T,LV	: 	: 	: 	: 	743 	573 
A,DSP_I,IMP,T,MT	0 	0 	0 	0 	0 	0 
A,DSP_I,IMP,T,NL	29826 	62067 	33221 	45490 	61477 	135126 
A,DSP_I,IMP,T,PL	229 	426 	51 	140 	92 	25 
A,DSP_I,IMP,T,PT	0 	0 	0 	0 	6856 	401 
A,DSP_I,IMP,T,RO	0 d	0 d	0 d	0 d	286 d	197 d
A,DSP_I,IMP,T,SE	5543 	7149 	11004 	4365 	5387 	: 
A,DSP_I,IMP,T,SI	0 	0 	6 	0 	453 	0 
A,DSP_I,IMP,T,SK	0 d	0 d	0 d	0 d	51 d	350 d
A,DSP_I,IMP,T,UK	991 	3323 	6091 	4672 	: 	: 
A,DSP_L,BAL_TRD,T,AT	-3627 	-3068 	-12790 	-21523 	-9786 	-47781 
A,DSP_L,BAL_TRD,T,BE	-174757 	-619395 	-310109 	-213693 	-118827 	-208348 
A,DSP_L,BAL_TRD,T,BG	824 	-41 	-1151 	-18401 	-3 	: 
A,DSP_L,BAL_TRD,T,CY	0 	0 	0 	0 	0 	0 
A,DSP_L,BAL_TRD,T,CZ	-4085 	-9630 	-15408 	4057 	-5536 	-39898 
A,DSP_L,BAL_TRD,T,DE	215248 s	146861 s	114127 s	-110355 s	-99912 s	-68889 s
A,DSP_L,BAL_TRD,T,DK	0 	49314 	-157111 	65896 	27478 	27344 
A,DSP_L,BAL_TRD,T,EE	-7574 	-8765 	-13569 	0 	: 	: 
A,DSP_L,BAL_TRD,T,EL	: 	: 	: 	: 	-743 	: 
A,DSP_L,BAL_TRD,T,ES	-102202 	-68388 	-26926 	-25858 	-30690 	-15571 
A,DSP_L,BAL_TRD,T,EU27_2020	210000 	-440000 	-250000 	-350000 	-230000 	-500000 
A,DSP_L,BAL_TRD,T,FI	-8609 	-93587 	0 	-1 	888 	1489 
A,DSP_L,BAL_TRD,T,FR	-51909 	-73354 	-39144 	-13550 	19545 	-4648 
A,DSP_L,BAL_TRD,T,HR	-2467 	0 	0 	1439 	0 	0 
A,DSP_L,BAL_TRD,T,HU	-256 	-851 	-4301 	40 	-1302 	-90 
A,DSP_L,BAL_TRD,T,IE	262 	-312 	360 	357 s	-699 	: 
A,DSP_L,BAL_TRD,T,IT	260797 s	427422 s	155433 s	145297 s	137764 s	117286 s
A,DSP_L,BAL_TRD,T,LT	-245 	-627 	5980 	7741 	-643 	: 
A,DSP_L,BAL_TRD,T,LU	22 	-79 	-13 	16795 	43745 	27795 
A,DSP_L,BAL_TRD,T,LV	: 	: 	: 	: 	-62704 	-46858 
A,DSP_L,BAL_TRD,T,MT	0 	0 	0 	0 	11477 	18057 
A,DSP_L,BAL_TRD,T,NL	11724 	153688 	11526 	107784 	-494413 	-339090 
A,DSP_L,BAL_TRD,T,PL	2399 	-2697 	6517 	-11980 	13290 	-3167 
A,DSP_L,BAL_TRD,T,PT	686 	574 	182 	474 	-11 	-226 
A,DSP_L,BAL_TRD,T,RO	0 d	0 d	0 d	0 d	-254 d	-149 d
A,DSP_L,BAL_TRD,T,SE	98175 	30752 	76521 	80249 	122322 	: 
A,DSP_L,BAL_TRD,T,SI	-757 	-457 	0 	3 	0 	14483 
A,DSP_L,BAL_TRD,T,SK	0 d	0 d	0 d	0 d	-10960 d	-15313 d
A,DSP_L,BAL_TRD,T,UK	-26225 	3488 	-7898 	26917 	: 	: 
A,DSP_L,EXP,T,AT	5770 	11132 	5837 	11114 	8048 	5011 
A,DSP_L,EXP,T,BE	81989 	78580 	45256 	45209 	48995 	50363 
A,DSP_L,EXP,T,BG	864 	0 	0 	91 	0 	: 
A,DSP_L,EXP,T,CY	0 	0 	0 	0 	0 	0 
A,DSP_L,EXP,T,CZ	1513 	2369 	1816 	4200 	1749 	31058 
A,DSP_L,EXP,T,DE	336202 s	389343 s	397599 s	21871 s	24973 s	44443 s
A,DSP_L,EXP,T,DK	0 	161375 	86111 	69422 	27666 	27356 
A,DSP_L,EXP,T,EE	0 	0 	6938 	0 	: 	: 
A,DSP_L,EXP,T,EL	: 	: 	: 	: 	4 	: 
A,DSP_L,EXP,T,ES	7193 	913 	2404 	901 	284 	10723 
A,DSP_L,EXP,T,EU27_2020	760000 	810000 	780000 	790000 	840000 	740000 
A,DSP_L,EXP,T,FI	0 	0 	0 	0 	949 	1490 
A,DSP_L,EXP,T,FR	17842 	16279 	14755 	15347 	39869 	18845 
A,DSP_L,EXP,T,HR	4990 	0 	0 	1439 	0 	0 
A,DSP_L,EXP,T,HU	78 	1 	92 	43 	1 	0 
A,DSP_L,EXP,T,IE	661 	1061 	365 	412 s	0 	: 
A,DSP_L,EXP,T,IT	293215 s	484870 s	247035 s	217333 s	137970 s	117864 s
A,DSP_L,EXP,T,LT	1821 	194 	6000 	7987 	998 	: 
A,DSP_L,EXP,T,LU	35 	23 	16 	16795 	43745 	27795 
A,DSP_L,EXP,T,LV	: 	: 	: 	: 	591 	7429 
A,DSP_L,EXP,T,MT	0 	0 	0 	0 	11477 	18057 
A,DSP_L,EXP,T,NL	12676 	156546 	68604 	133022 	-286698 	146397 
A,DSP_L,EXP,T,PL	22426 	13905 	15021 	362 	20050 	556 
A,DSP_L,EXP,T,PT	686 	574 	182 	474 	0 	0 
A,DSP_L,EXP,T,RO	0 d	0 d	0 d	0 d	5 d	19 d
A,DSP_L,EXP,T,SE	116131 	121792 	154698 	224859 	199327 	: 
A,DSP_L,EXP,T,SI	139 	795 	2 	3 	0 	15480 
A,DSP_L,EXP,T,SK	0 d	0 d	0 d	0 d	23 d	0 d
A,DSP_L,EXP,T,UK	8845 	18516 	9902 	35290 	: 	: 
A,DSP_L,FLOW_GRS,T,AT	1200534 	1033336 	1474900 	1259781 	1606695 	1275526 
A,DSP_L,FLOW_GRS,T,BE	2210360 	1815619 	1483704 	1693290 	2055500 	1377391 
A,DSP_L,FLOW_GRS,T,BG	5713124 	14143551 	13700908 	10288035 	10924195 	5722782 
A,DSP_L,FLOW_GRS,T,CY	538544 	501765 	473673 	515493 	552050 	424396 
A,DSP_L,FLOW_GRS,T,CZ	3504232 	2898759 	2667792 	2730771 	: bc	3345140 
A,DSP_L,FLOW_GRS,T,DE	11047821 	12919767 	15830334 	15784793 	15229421 	12360345 
A,DSP_L,FLOW_GRS,T,DK	503229 	401972 	262708 	173626 	80207 	90992 
A,DSP_L,FLOW_GRS,T,EE	8268874 	7636717 	9029080 	9300782 	10237894 	5901760 
A,DSP_L,FLOW_GRS,T,EL	16457495 	17084474 	14381724 	6949529 	8056335 	4712927 
A,DSP_L,FLOW_GRS,T,ES	25619208 	23376469 	25786652 	21412119 	23917419 	19481438 
A,DSP_L,FLOW_GRS,T,EU27_2020	172900000 	176960000 	172460000 	151760000 	158400000 	122260000 
A,DSP_L,FLOW_GRS,T,FI	3369944 	2438522 	1830562 	1201950 	867077 	770134 
A,DSP_L,FLOW_GRS,T,FR	21889211 	20607561 	19839897 	17916874 	20981111 	19258680 
A,DSP_L,FLOW_GRS,T,HR	1408265 	1446592 	1428185 	1421204 	1362274 	1132242 
A,DSP_L,FLOW_GRS,T,HU	5456254 	5898286 	4803500 	4356391 	4033536 	4083958 
A,DSP_L,FLOW_GRS,T,IE	1922667 	1550697 	849188 	1153193 	719896 	: 
A,DSP_L,FLOW_GRS,T,IT	20747937 	19028781 	16495928 	15474829 	14652186 	11888102 
A,DSP_L,FLOW_GRS,T,LT	1122269 	977340 	822496 	428952 	374522 	261578 
A,DSP_L,FLOW_GRS,T,LU	51051 	40909 	45591 	206215 	58256 	57368 
A,DSP_L,FLOW_GRS,T,LV	601025 	546812 	532857 	360353 	434698 	497756 
A,DSP_L,FLOW_GRS,T,MT	230791 	220837 	231820 	236546 	274864 	274717 
A,DSP_L,FLOW_GRS,T,NL	841280 	1173529 	1071030 	1112687 	1303034 	1159231 
A,DSP_L,FLOW_GRS,T,PL	17932912 	19455889 	20603034 	19712790 	18537426 	11381421 
A,DSP_L,FLOW_GRS,T,PT	3731141 	3565262 	3026177 	2892538 	3362259 	3620794 
A,DSP_L,FLOW_GRS,T,RO	13513787 	13547850 	11640950 	10731888 	11271889 	8854016 
A,DSP_L,FLOW_GRS,T,SE	1277368 	1310334 	1342735 	1313988 	1388194 	998564 
A,DSP_L,FLOW_GRS,T,SI	861001 	402296 	248115 	110821 	129370 	140608 
A,DSP_L,FLOW_GRS,T,SK	2882851 	2931386 	2559740 	3017152 	2781025 	2272046 
A,DSP_L,FLOW_GRS,T,UK	31317697 	27351146 	23197469 	20007737 	18194730 	: 
A,DSP_L,FLOW_NET,T,AT	1196907 	1030268 	1462110 	1238258 	1596909 	1227745 
A,DSP_L,FLOW_NET,T,BE	2035603 	1196224 	1173595 	1479597 	1936674 	1169043 
A,DSP_L,FLOW_NET,T,BG	5713948 	14143510 	13699757 	10269634 	10924192 	: 
A,DSP_L,FLOW_NET,T,CY	538544 	501765 	473673 	515493 	552050 	424396 
A,DSP_L,FLOW_NET,T,CZ	3500147 	2889129 	2652384 	2734828 	: bc	3305241 
A,DSP_L,FLOW_NET,T,DE	11263069 s	13066628 s	15944461 s	15674438 s	15129508 s	12291456 s
A,DSP_L,FLOW_NET,T,DK	503229 	451286 	105597 	239522 	107685 	118335 
A,DSP_L,FLOW_NET,T,EE	8261300 	7627952 	9015511 	9300782 	: 	: 
A,DSP_L,FLOW_NET,T,EL	: 	: 	: 	: 	8055592 	: 
A,DSP_L,FLOW_NET,T,ES	25517006 	23308081 	25759726 	21386261 	23886729 	19465867 
A,DSP_L,FLOW_NET,T,EU27_2020	173110000 	176520000 	172220000 	151410000 	158170000 	121760000 
A,DSP_L,FLOW_NET,T,FI	3361335 	2344935 	1830562 	1201949 	867965 	771623 
A,DSP_L,FLOW_NET,T,FR	21837302 	20534207 	19800753 	17903325 	21000656 	19254032 
A,DSP_L,FLOW_NET,T,HR	1405798 	1446592 	1428185 	1422643 	1362274 	1132242 
A,DSP_L,FLOW_NET,T,HU	5455998 	5897435 	4799199 	4356431 	4032234 	4083868 
A,DSP_L,FLOW_NET,T,IE	1922929 	1550385 	849548 	1153550 s	719197 	: 
A,DSP_L,FLOW_NET,T,IT	21008734 s	19456203 s	16651361 s	15620126 s	14789950 s	12005388 s
A,DSP_L,FLOW_NET,T,LT	1122024 	976713 	828476 	436693 	373879 	: 
A,DSP_L,FLOW_NET,T,LU	51073 	40830 	45578 	223010 	102001 	85163 
A,DSP_L,FLOW_NET,T,LV	: 	: 	: 	: 	371994 	450898 
A,DSP_L,FLOW_NET,T,MT	230791 	220837 	231820 	236546 	286341 	292774 
A,DSP_L,FLOW_NET,T,NL	853004 	1327217 	1082556 	1220471 	808621 	820141 
A,DSP_L,FLOW_NET,T,PL	17935311 	19453192 	20609551 	19700810 	18550716 	11378254 
A,DSP_L,FLOW_NET,T,PT	3731827 	3565836 	3026359 	2893012 	3362248 	3620568 
A,DSP_L,FLOW_NET,T,RO	13513787 d	13547850 d	11640950 d	10731888 d	11271636 d	8853867 d
A,DSP_L,FLOW_NET,T,SE	1375543 	1341086 	1419256 	1394237 	1510516 	: 
A,DSP_L,FLOW_NET,T,SI	860244 	401839 	248115 	110824 	129370 	155091 
A,DSP_L,FLOW_NET,T,SK	2882851 d	2931386 d	2559740 d	3017152 d	2770065 d	2256733 d
A,DSP_L,FLOW_NET,T,UK	31291472 	27354634 	23189571 	20034653 	: 	: 
A,DSP_L,IMP,T,AT	9397 	14200 	18627 	32636 	17833 	52792 
A,DSP_L,IMP,T,BE	256746 	697975 	355364 	258901 	167822 	258710 
A,DSP_L,IMP,T,BG	40 	41 	1151 	18492 	3 	: 
A,DSP_L,IMP,T,CY	0 	0 	0 	0 	0 	0 
A,DSP_L,IMP,T,CZ	5598 	11999 	17224 	143 	7286 	70956 
A,DSP_L,IMP,T,DE	120954 s	242482 s	283472 s	132226 s	124885 s	113332 s
A,DSP_L,IMP,T,DK	0 	112061 	243222 	3526 	188 	12 
A,DSP_L,IMP,T,EE	7574 	8765 	20507 	0 	: 	: 
A,DSP_L,IMP,T,EL	: 	: 	: 	: 	747 	: 
A,DSP_L,IMP,T,ES	109395 	69301 	29329 	26759 	30975 	26294 
A,DSP_L,IMP,T,EU27_2020	550000 	1250000 	1020000 	1140000 	1070000 	1240000 
A,DSP_L,IMP,T,FI	8609 	93587 	0 	1 	61 	1 
A,DSP_L,IMP,T,FR	69751 	89633 	53899 	28897 	20324 	23493 
A,DSP_L,IMP,T,HR	7458 	0 	0 	0 	0 	0 
A,DSP_L,IMP,T,HU	334 	851 	4392 	3 	1303 	90 
A,DSP_L,IMP,T,IE	399 	1373 	4 	55 s	700 	: 
A,DSP_L,IMP,T,IT	32418 s	57447 s	91602 s	72036 s	206 s	578 s
A,DSP_L,IMP,T,LT	2066 	821 	20 	246 	1641 	: 
A,DSP_L,IMP,T,LU	13 	102 	28 	0 	0 	0 
A,DSP_L,IMP,T,LV	: 	: 	: 	: 	63295 	54287 
A,DSP_L,IMP,T,MT	0 	0 	0 	0 	0 	0 
A,DSP_L,IMP,T,NL	952 	2858 	57077 	25238 	207715 	485487 
A,DSP_L,IMP,T,PL	20027 	16602 	8504 	12343 	6759 	3722 
A,DSP_L,IMP,T,PT	0 	0 	0 	0 	11 	226 
A,DSP_L,IMP,T,RO	0 d	0 d	0 d	0 d	259 d	168 d
A,DSP_L,IMP,T,SE	17956 	91040 	78177 	144611 	77005 	: 
A,DSP_L,IMP,T,SI	896 	1252 	2 	0 	0 	998 
A,DSP_L,IMP,T,SK	0 d	0 d	0 d	0 d	10983 d	15313 d
A,DSP_L,IMP,T,UK	35071 	15028 	17800 	8373 	: 	: 
A,DSP_OTH,BAL_TRD,T,AT	: z	: z	: z	: z	: z	: z
A,DSP_OTH,BAL_TRD,T,BE	: z	: z	: z	: z	: z	: z
A,DSP_OTH,BAL_TRD,T,BG	: z	: z	: z	: z	: z	: z
A,DSP_OTH,BAL_TRD,T,CY	: z	: z	: z	: z	: z	: z
A,DSP_OTH,BAL_TRD,T,CZ	: z	: z	: z	: z	: z	: z
A,DSP_OTH,BAL_TRD,T,DE	: z	: z	: z	: z	: z	: z
A,DSP_OTH,BAL_TRD,T,DK	: z	: z	: z	: z	: z	: z
A,DSP_OTH,BAL_TRD,T,EE	: z	: z	: z	: z	: z	: z
A,DSP_OTH,BAL_TRD,T,EL	: z	: z	: z	: z	: z	: z
A,DSP_OTH,BAL_TRD,T,ES	: z	: z	: z	: z	: z	: z
A,DSP_OTH,BAL_TRD,T,EU27_2020	: z	: z	: z	: z	: z	: z
A,DSP_OTH,BAL_TRD,T,FI	: z	: z	: z	: z	: z	: z
A,DSP_OTH,BAL_TRD,T,FR	: z	: z	: z	: z	: z	: z
A,DSP_OTH,BAL_TRD,T,HR	: z	: z	: z	: z	: z	: z
A,DSP_OTH,BAL_TRD,T,HU	: z	: z	: z	: z	: z	: z
A,DSP_OTH,BAL_TRD,T,IE	: z	: z	: z	: z	: z	: z
A,DSP_OTH,BAL_TRD,T,IT	: z	: z	: z	: z	: z	: z
A,DSP_OTH,BAL_TRD,T,LT	: z	: z	: z	: z	: z	: z
A,DSP_OTH,BAL_TRD,T,LU	: z	: z	: z	: z	: z	: z
A,DSP_OTH,BAL_TRD,T,LV	: z	: z	: z	: z	: z	: z
A,DSP_OTH,BAL_TRD,T,MT	: z	: z	: z	: z	: z	: z
A,DSP_OTH,BAL_TRD,T,NL	: z	: z	: z	: z	: z	: z
A,DSP_OTH,BAL_TRD,T,PL	: z	: z	: z	: z	: z	: z
A,DSP_OTH,BAL_TRD,T,PT	: z	: z	: z	: z	: z	: z
A,DSP_OTH,BAL_TRD,T,RO	: z	: z	: z	: z	: z	: z
A,DSP_OTH,BAL_TRD,T,SE	: z	: z	: z	: z	: z	: z
A,DSP_OTH,BAL_TRD,T,SI	: z	: z	: z	: z	: z	: z
A,DSP_OTH,BAL_TRD,T,SK	: z	: z	: z	: z	: z	: z
A,DSP_OTH,BAL_TRD,T,UK	: z	: z	: z	: z	: z	: z
A,DSP_OTH,EXP,T,AT	: z	: z	: z	: z	: z	: z
A,DSP_OTH,EXP,T,BE	: z	: z	: z	: z	: z	: z
A,DSP_OTH,EXP,T,BG	: z	: z	: z	: z	: z	: z
A,DSP_OTH,EXP,T,CY	: z	: z	: z	: z	: z	: z
A,DSP_OTH,EXP,T,CZ	: z	: z	: z	: z	: z	: z
A,DSP_OTH,EXP,T,DE	: z	: z	: z	: z	: z	: z
A,DSP_OTH,EXP,T,DK	: z	: z	: z	: z	: z	: z
A,DSP_OTH,EXP,T,EE	: z	: z	: z	: z	: z	: z
A,DSP_OTH,EXP,T,EL	: z	: z	: z	: z	: z	: z
A,DSP_OTH,EXP,T,ES	: z	: z	: z	: z	: z	: z
A,DSP_OTH,EXP,T,EU27_2020	: z	: z	: z	: z	: z	: z
A,DSP_OTH,EXP,T,FI	: z	: z	: z	: z	: z	: z
A,DSP_OTH,EXP,T,FR	: z	: z	: z	: z	: z	: z
A,DSP_OTH,EXP,T,HR	: z	: z	: z	: z	: z	: z
A,DSP_OTH,EXP,T,HU	: z	: z	: z	: z	: z	: z
A,DSP_OTH,EXP,T,IE	: z	: z	: z	: z	: z	: z
A,DSP_OTH,EXP,T,IT	: z	: z	: z	: z	: z	: z
A,DSP_OTH,EXP,T,LT	: z	: z	: z	: z	: z	: z
A,DSP_OTH,EXP,T,LU	: z	: z	: z	: z	: z	: z
A,DSP_OTH,EXP,T,LV	: z	: z	: z	: z	: z	: z
A,DSP_OTH,EXP,T,MT	: z	: z	: z	: z	: z	: z
A,DSP_OTH,EXP,T,NL	: z	: z	: z	: z	: z	: z
A,DSP_OTH,EXP,T,PL	: z	: z	: z	: z	: z	: z
A,DSP_OTH,EXP,T,PT	: z	: z	: z	: z	: z	: z
A,DSP_OTH,EXP,T,RO	: z	: z	: z	: z	: z	: z
A,DSP_OTH,EXP,T,SE	: z	: z	: z	: z	: z	: z
A,DSP_OTH,EXP,T,SI	: z	: z	: z	: z	: z	: z
A,DSP_OTH,EXP,T,SK	: z	: z	: z	: z	: z	: z
A,DSP_OTH,EXP,T,UK	: z	: z	: z	: z	: z	: z
A,DSP_OTH,FLOW_GRS,T,AT	0 	0 	0 	0 	0 	0 
A,DSP_OTH,FLOW_GRS,T,BE	0 	0 	0 	0 	0 	0 
A,DSP_OTH,FLOW_GRS,T,BG	155197 	27192 	44211 	78036 	60980 	95296 
A,DSP_OTH,FLOW_GRS,T,CY	1199 	174 	0 	0 	0 	0 
A,DSP_OTH,FLOW_GRS,T,CZ	117691 	39448 	16191 	4060 	: bc	: c
A,DSP_OTH,FLOW_GRS,T,DE	19803 	10392 	13763 	20475 	30428 	19829 
A,DSP_OTH,FLOW_GRS,T,DK	0 	81190 	87692 	88454 	870 	1040 
A,DSP_OTH,FLOW_GRS,T,EE	0 	0 	0 	0 	0 	107 
A,DSP_OTH,FLOW_GRS,T,EL	1333064 	1657781 	1322927 	1563998 	1479819 	284697 
A,DSP_OTH,FLOW_GRS,T,ES	36007 	270185 	2373 	4006 	6034 	12353 
A,DSP_OTH,FLOW_GRS,T,EU27_2020	3780000 	3790000 	3190000 	3360000 	3210000 	1170000 
A,DSP_OTH,FLOW_GRS,T,FI	49993 	39971 	24965 	29139 	32269 	17145 
A,DSP_OTH,FLOW_GRS,T,FR	642319 	816187 	794974 	711411 	728059 	557543 
A,DSP_OTH,FLOW_GRS,T,HR	417028 	5590 	12465 	7675 	8843 	8314 
A,DSP_OTH,FLOW_GRS,T,HU	0 	0 	0 	0 	0 	0 
A,DSP_OTH,FLOW_GRS,T,IE	8100 	32213 	56846 	138610 	70841 	: 
A,DSP_OTH,FLOW_GRS,T,IT	0 	927 	0 	0 	3129 	0 
A,DSP_OTH,FLOW_GRS,T,LT	80221 	22035 	10495 	13898 	12002 	11893 
A,DSP_OTH,FLOW_GRS,T,LU	0 	0 	0 	0 	0 	0 
A,DSP_OTH,FLOW_GRS,T,LV	7573 	48889 	125209 	175 	15498 	10488 
A,DSP_OTH,FLOW_GRS,T,MT	353 	0 	0 	0 	0 	0 
A,DSP_OTH,FLOW_GRS,T,NL	25686 	36603 	46970 	69863 	83222 	81766 
A,DSP_OTH,FLOW_GRS,T,PL	59252 	31872 	34120 	7921 	177 	704 
A,DSP_OTH,FLOW_GRS,T,PT	0 	0 	0 	0 	0 	0 
A,DSP_OTH,FLOW_GRS,T,RO	735806 	550489 	556035 	585881 	605802 	2935 
A,DSP_OTH,FLOW_GRS,T,SE	33735 	18433 	3083 	2485 	12443 	42103 
A,DSP_OTH,FLOW_GRS,T,SI	158 	53 	0 	0 	0 	0 
A,DSP_OTH,FLOW_GRS,T,SK	55500 	96055 	41962 	35284 	62032 	22470 
A,DSP_OTH,FLOW_GRS,T,UK	187684 	0 	0 	0 	0 	: 
A,DSP_OTH,FLOW_NET,T,AT	0 	0 	0 	0 	0 	0 
A,DSP_OTH,FLOW_NET,T,BE	0 	0 	0 	0 	0 	0 
A,DSP_OTH,FLOW_NET,T,BG	155197 	27192 	44211 	78036 	60980 	95296 
A,DSP_OTH,FLOW_NET,T,CY	1199 	174 	0 	0 	0 	0 
A,DSP_OTH,FLOW_NET,T,CZ	117691 	39448 	16191 	4060 	: c	: c
A,DSP_OTH,FLOW_NET,T,DE	19803 	10392 	13763 	20475 	30428 	19829 
A,DSP_OTH,FLOW_NET,T,DK	0 	81190 	87692 	88454 	870 	1040 
A,DSP_OTH,FLOW_NET,T,EE	0 	0 	0 	0 	0 	107 
A,DSP_OTH,FLOW_NET,T,EL	1333064 	1657781 	1322927 	1563998 	1479819 	284697 
A,DSP_OTH,FLOW_NET,T,ES	36007 	270185 	2373 	4006 	6034 	12353 
A,DSP_OTH,FLOW_NET,T,EU27_2020	3780000 	3790000 	3190000 	3360000 	3210000 	1170000 
A,DSP_OTH,FLOW_NET,T,FI	49993 	39971 	24965 	29139 	32269 	17145 
A,DSP_OTH,FLOW_NET,T,FR	642319 	816187 	794974 	711411 	728059 	557543 
A,DSP_OTH,FLOW_NET,T,HR	417028 	5590 	12465 	7675 	8843 	8314 
A,DSP_OTH,FLOW_NET,T,HU	0 	0 	0 	0 	0 	0 
A,DSP_OTH,FLOW_NET,T,IE	8100 	32213 	56846 	138610 	70841 	: 
A,DSP_OTH,FLOW_NET,T,IT	0 	927 	0 	0 	3129 	0 
A,DSP_OTH,FLOW_NET,T,LT	80221 	22035 	10495 	13898 	12002 	11893 
A,DSP_OTH,FLOW_NET,T,LU	0 	0 	0 	0 	0 	0 
A,DSP_OTH,FLOW_NET,T,LV	7573 	48889 	125209 	175 	15498 	10488 
A,DSP_OTH,FLOW_NET,T,MT	353 	0 	0 	0 	0 	0 
A,DSP_OTH,FLOW_NET,T,NL	25686 	36603 	46970 	69863 	83222 	81766 
A,DSP_OTH,FLOW_NET,T,PL	59252 	31872 	34120 	7921 	177 	704 
A,DSP_OTH,FLOW_NET,T,PT	0 	0 	0 	0 	0 	0 
A,DSP_OTH,FLOW_NET,T,RO	735806 	550489 	556035 	585881 	605802 	2935 
A,DSP_OTH,FLOW_NET,T,SE	33735 	18433 	3083 	2485 	12443 	42103 
A,DSP_OTH,FLOW_NET,T,SI	158 	53 	0 	0 	0 	0 
A,DSP_OTH,FLOW_NET,T,SK	55500 	96055 	41962 	35284 	62032 	22470 
A,DSP_OTH,FLOW_NET,T,UK	187684 	0 	0 	0 	0 	: 
A,DSP_OTH,IMP,T,AT	: z	: z	: z	: z	: z	: z
A,DSP_OTH,IMP,T,BE	: z	: z	: z	: z	: z	: z
A,DSP_OTH,IMP,T,BG	: z	: z	: z	: z	: z	: z
A,DSP_OTH,IMP,T,CY	: z	: z	: z	: z	: z	: z
A,DSP_OTH,IMP,T,CZ	: z	: z	: z	: z	: z	: z
A,DSP_OTH,IMP,T,DE	: z	: z	: z	: z	: z	: z
A,DSP_OTH,IMP,T,DK	: z	: z	: z	: z	: z	: z
A,DSP_OTH,IMP,T,EE	: z	: z	: z	: z	: z	: z
A,DSP_OTH,IMP,T,EL	: z	: z	: z	: z	: z	: z
A,DSP_OTH,IMP,T,ES	: z	: z	: z	: z	: z	: z
A,DSP_OTH,IMP,T,EU27_2020	: z	: z	: z	: z	: z	: z
A,DSP_OTH,IMP,T,FI	: z	: z	: z	: z	: z	: z
A,DSP_OTH,IMP,T,FR	: z	: z	: z	: z	: z	: z
A,DSP_OTH,IMP,T,HR	: z	: z	: z	: z	: z	: z
A,DSP_OTH,IMP,T,HU	: z	: z	: z	: z	: z	: z
A,DSP_OTH,IMP,T,IE	: z	: z	: z	: z	: z	: z
A,DSP_OTH,IMP,T,IT	: z	: z	: z	: z	: z	: z
A,DSP_OTH,IMP,T,LT	: z	: z	: z	: z	: z	: z
A,DSP_OTH,IMP,T,LU	: z	: z	: z	: z	: z	: z
A,DSP_OTH,IMP,T,LV	: z	: z	: z	: z	: z	: z
A,DSP_OTH,IMP,T,MT	: z	: z	: z	: z	: z	: z
A,DSP_OTH,IMP,T,NL	: z	: z	: z	: z	: z	: z
A,DSP_OTH,IMP,T,PL	: z	: z	: z	: z	: z	: z
A,DSP_OTH,IMP,T,PT	: z	: z	: z	: z	: z	: z
A,DSP_OTH,IMP,T,RO	: z	: z	: z	: z	: z	: z
A,DSP_OTH,IMP,T,SE	: z	: z	: z	: z	: z	: z
A,DSP_OTH,IMP,T,SI	: z	: z	: z	: z	: z	: z
A,DSP_OTH,IMP,T,SK	: z	: z	: z	: z	: z	: z
A,DSP_OTH,IMP,T,UK	: z	: z	: z	: z	: z	: z
A,RCV_B,BAL_TRD,T,AT	: z	: z	: z	: z	: z	: z
A,RCV_B,BAL_TRD,T,BE	: z	: z	: z	: z	: z	: z
A,RCV_B,BAL_TRD,T,BG	: z	: z	: z	: z	: z	: z
A,RCV_B,BAL_TRD,T,CY	: z	: z	: z	: z	: z	: z
A,RCV_B,BAL_TRD,T,CZ	: z	: z	: z	: z	: z	: z
A,RCV_B,BAL_TRD,T,DE	: z	: z	: z	: z	: z	: z
A,RCV_B,BAL_TRD,T,DK	: z	: z	: z	: z	: z	: z
A,RCV_B,BAL_TRD,T,EE	: z	: z	: z	: z	: z	: z
A,RCV_B,BAL_TRD,T,EL	: z	: z	: z	: z	: z	: z
A,RCV_B,BAL_TRD,T,ES	: z	: z	: z	: z	: z	: z
A,RCV_B,BAL_TRD,T,EU27_2020	: z	: z	: z	: z	: z	: z
A,RCV_B,BAL_TRD,T,FI	: z	: z	: z	: z	: z	: z
A,RCV_B,BAL_TRD,T,FR	: z	: z	: z	: z	: z	: z
A,RCV_B,BAL_TRD,T,HR	: z	: z	: z	: z	: z	: z
A,RCV_B,BAL_TRD,T,HU	: z	: z	: z	: z	: z	: z
A,RCV_B,BAL_TRD,T,IE	: z	: z	: z	: z	: z	: z
A,RCV_B,BAL_TRD,T,IT	: z	: z	: z	: z	: z	: z
A,RCV_B,BAL_TRD,T,LT	: z	: z	: z	: z	: z	: z
A,RCV_B,BAL_TRD,T,LU	: z	: z	: z	: z	: z	: z
A,RCV_B,BAL_TRD,T,LV	: z	: z	: z	: z	: z	: z
A,RCV_B,BAL_TRD,T,MT	: z	: z	: z	: z	: z	: z
A,RCV_B,BAL_TRD,T,NL	: z	: z	: z	: z	: z	: z
A,RCV_B,BAL_TRD,T,PL	: z	: z	: z	: z	: z	: z
A,RCV_B,BAL_TRD,T,PT	: z	: z	: z	: z	: z	: z
A,RCV_B,BAL_TRD,T,RO	: z	: z	: z	: z	: z	: z
A,RCV_B,BAL_TRD,T,SE	: z	: z	: z	: z	: z	: z
A,RCV_B,BAL_TRD,T,SI	: z	: z	: z	: z	: z	: z
A,RCV_B,BAL_TRD,T,SK	: z	: z	: z	: z	: z	: z
A,RCV_B,BAL_TRD,T,UK	: z	: z	: z	: z	: z	: z
A,RCV_B,EXP,T,AT	: z	: z	: z	: z	: z	: z
A,RCV_B,EXP,T,BE	: z	: z	: z	: z	: z	: z
A,RCV_B,EXP,T,BG	: z	: z	: z	: z	: z	: z
A,RCV_B,EXP,T,CY	: z	: z	: z	: z	: z	: z
A,RCV_B,EXP,T,CZ	: z	: z	: z	: z	: z	: z
A,RCV_B,EXP,T,DE	: z	: z	: z	: z	: z	: z
A,RCV_B,EXP,T,DK	: z	: z	: z	: z	: z	: z
A,RCV_B,EXP,T,EE	: z	: z	: z	: z	: z	: z
A,RCV_B,EXP,T,EL	: z	: z	: z	: z	: z	: z
A,RCV_B,EXP,T,ES	: z	: z	: z	: z	: z	: z
A,RCV_B,EXP,T,EU27_2020	: z	: z	: z	: z	: z	: z
A,RCV_B,EXP,T,FI	: z	: z	: z	: z	: z	: z
A,RCV_B,EXP,T,FR	: z	: z	: z	: z	: z	: z
A,RCV_B,EXP,T,HR	: z	: z	: z	: z	: z	: z
A,RCV_B,EXP,T,HU	: z	: z	: z	: z	: z	: z
A,RCV_B,EXP,T,IE	: z	: z	: z	: z	: z	: z
A,RCV_B,EXP,T,IT	: z	: z	: z	: z	: z	: z
A,RCV_B,EXP,T,LT	: z	: z	: z	: z	: z	: z
A,RCV_B,EXP,T,LU	: z	: z	: z	: z	: z	: z
A,RCV_B,EXP,T,LV	: z	: z	: z	: z	: z	: z
A,RCV_B,EXP,T,MT	: z	: z	: z	: z	: z	: z
A,RCV_B,EXP,T,NL	: z	: z	: z	: z	: z	: z
A,RCV_B,EXP,T,PL	: z	: z	: z	: z	: z	: z
A,RCV_B,EXP,T,PT	: z	: z	: z	: z	: z	: z
A,RCV_B,EXP,T,RO	: z	: z	: z	: z	: z	: z
A,RCV_B,EXP,T,SE	: z	: z	: z	: z	: z	: z
A,RCV_B,EXP,T,SI	: z	: z	: z	: z	: z	: z
A,RCV_B,EXP,T,SK	: z	: z	: z	: z	: z	: z
A,RCV_B,EXP,T,UK	: z	: z	: z	: z	: z	: z
A,RCV_B,FLOW_GRS,T,AT	0 	0 	45413 	1885 	1620 	2354 
A,RCV_B,FLOW_GRS,T,BE	0 	0 	0 	0 	0 	0 
A,RCV_B,FLOW_GRS,T,BG	0 	0 	0 	0 	0 	0 
A,RCV_B,FLOW_GRS,T,CY	292 	17353 	0 	0 	0 	0 
A,RCV_B,FLOW_GRS,T,CZ	1309063 	907677 	1068666 	1203590 	1018663 b	609504 
A,RCV_B,FLOW_GRS,T,DE	9148335 	7573913 	6452442 	6357839 	5713861 	4879007 
A,RCV_B,FLOW_GRS,T,DK	0 	0 	0 	0 	530767 	174787 
A,RCV_B,FLOW_GRS,T,EE	1589 	120800 	4132 	288241 	62940 	42629 
A,RCV_B,FLOW_GRS,T,EL	15394 	2809 	3414 	21302 	0 	10408 
A,RCV_B,FLOW_GRS,T,ES	46554 	43932 	31481 	28405 	32401 	79064 
A,RCV_B,FLOW_GRS,T,EU27_2020	15920000 	16430000 	12430000 	12280000 	11280000 	16710000 
A,RCV_B,FLOW_GRS,T,FI	0 	0 	0 	0 	155812 	68053 
A,RCV_B,FLOW_GRS,T,FR	2903 	2199 	0 	0 	0 	0 
A,RCV_B,FLOW_GRS,T,HR	0 	0 	2298 	0 	7038 	26885 
A,RCV_B,FLOW_GRS,T,HU	2133 	1457 	0 	0 	0 	8859 
A,RCV_B,FLOW_GRS,T,IE	301813 	371193 	369388 	294406 	305931 	: 
A,RCV_B,FLOW_GRS,T,IT	0 	0 	138 	17 	1 	11 
A,RCV_B,FLOW_GRS,T,LT	0 	0 	0 	0 	0 	7050 
A,RCV_B,FLOW_GRS,T,LU	0 	0 	0 	0 	0 	0 
A,RCV_B,FLOW_GRS,T,LV	0 	0 	5055 	5187 	41451 	21931 
A,RCV_B,FLOW_GRS,T,MT	342 	439 	275 	0 	0 	0 
A,RCV_B,FLOW_GRS,T,NL	0 	0 	0 	0 	0 	0 
A,RCV_B,FLOW_GRS,T,PL	4962285 	7029981 	4356952 	3981525 	3253483 	10215544 
A,RCV_B,FLOW_GRS,T,PT	0 	18186 	49829 	46553 	54179 	40574 
A,RCV_B,FLOW_GRS,T,RO	17501 	196806 	22425 	16465 	2304 	41452 
A,RCV_B,FLOW_GRS,T,SE	1359 	114542 	16496 	30061 	94435 	398011 
A,RCV_B,FLOW_GRS,T,SI	105515 	26202 	267 	0 	2568 	1 
A,RCV_B,FLOW_GRS,T,SK	0 	0 	0 	0 	3850 	0 
A,RCV_B,FLOW_GRS,T,UK	136191 	844354 	525286 	793157 	519704 	: 
A,RCV_B,FLOW_NET,T,AT	0 	0 	45413 	1885 	1620 	2354 
A,RCV_B,FLOW_NET,T,BE	0 	0 	0 	0 	0 	0 
A,RCV_B,FLOW_NET,T,BG	0 	0 	0 	0 	0 	0 
A,RCV_B,FLOW_NET,T,CY	292 	17353 	0 	0 	0 	0 
A,RCV_B,FLOW_NET,T,CZ	1309063 	907677 	1068666 	1203590 	1018663 	609504 
A,RCV_B,FLOW_NET,T,DE	9148335 	7573913 	6452442 	6357839 	5713861 	4879007 
A,RCV_B,FLOW_NET,T,DK	0 	0 	0 	0 	530767 	174787 
A,RCV_B,FLOW_NET,T,EE	1589 	120800 	4132 	288241 	62940 	42629 
A,RCV_B,FLOW_NET,T,EL	15394 	2809 	3414 	21302 	0 	10408 
A,RCV_B,FLOW_NET,T,ES	46554 	43932 	31481 	28405 	32401 	79064 
A,RCV_B,FLOW_NET,T,EU27_2020	15920000 	16430000 	12430000 	12280000 	11280000 	16710000 
A,RCV_B,FLOW_NET,T,FI	0 	0 	0 	0 	155812 	68053 
A,RCV_B,FLOW_NET,T,FR	2903 	2199 	0 	0 	0 	0 
A,RCV_B,FLOW_NET,T,HR	0 	0 	2298 	0 	7038 	26885 
A,RCV_B,FLOW_NET,T,HU	2133 	1457 	0 	0 	0 	8859 
A,RCV_B,FLOW_NET,T,IE	301813 	371193 	369388 	294406 	305931 	: 
A,RCV_B,FLOW_NET,T,IT	0 	0 	138 	17 	1 	11 
A,RCV_B,FLOW_NET,T,LT	0 	0 	0 	0 	0 	7050 
A,RCV_B,FLOW_NET,T,LU	0 	0 	0 	0 	0 	0 
A,RCV_B,FLOW_NET,T,LV	0 	0 	5055 	5187 	41451 	21931 
A,RCV_B,FLOW_NET,T,MT	342 	439 	275 	0 	0 	0 
A,RCV_B,FLOW_NET,T,NL	0 	0 	0 	0 	0 	0 
A,RCV_B,FLOW_NET,T,PL	4962285 	7029981 	4356952 	3981525 	3253483 	10215544 
A,RCV_B,FLOW_NET,T,PT	0 	18186 	49829 	46553 	54179 	40574 
A,RCV_B,FLOW_NET,T,RO	17501 	196806 	22425 	16465 	2304 	41452 
A,RCV_B,FLOW_NET,T,SE	1359 	114542 	16496 	30061 	94435 	398011 
A,RCV_B,FLOW_NET,T,SI	105515 	26202 	267 	0 	2568 	1 
A,RCV_B,FLOW_NET,T,SK	0 	0 	0 	0 	3850 	0 
A,RCV_B,FLOW_NET,T,UK	136191 	844354 	525286 	793157 	519704 	: 
A,RCV_B,IMP,T,AT	: z	: z	: z	: z	: z	: z
A,RCV_B,IMP,T,BE	: z	: z	: z	: z	: z	: z
A,RCV_B,IMP,T,BG	: z	: z	: z	: z	: z	: z
A,RCV_B,IMP,T,CY	: z	: z	: z	: z	: z	: z
A,RCV_B,IMP,T,CZ	: z	: z	: z	: z	: z	: z
A,RCV_B,IMP,T,DE	: z	: z	: z	: z	: z	: z
A,RCV_B,IMP,T,DK	: z	: z	: z	: z	: z	: z
A,RCV_B,IMP,T,EE	: z	: z	: z	: z	: z	: z
A,RCV_B,IMP,T,EL	: z	: z	: z	: z	: z	: z
A,RCV_B,IMP,T,ES	: z	: z	: z	: z	: z	: z
A,RCV_B,IMP,T,EU27_2020	: z	: z	: z	: z	: z	: z
A,RCV_B,IMP,T,FI	: z	: z	: z	: z	: z	: z
A,RCV_B,IMP,T,FR	: z	: z	: z	: z	: z	: z
A,RCV_B,IMP,T,HR	: z	: z	: z	: z	: z	: z
A,RCV_B,IMP,T,HU	: z	: z	: z	: z	: z	: z
A,RCV_B,IMP,T,IE	: z	: z	: z	: z	: z	: z
A,RCV_B,IMP,T,IT	: z	: z	: z	: z	: z	: z
A,RCV_B,IMP,T,LT	: z	: z	: z	: z	: z	: z
A,RCV_B,IMP,T,LU	: z	: z	: z	: z	: z	: z
A,RCV_B,IMP,T,LV	: z	: z	: z	: z	: z	: z
A,RCV_B,IMP,T,MT	: z	: z	: z	: z	: z	: z
A,RCV_B,IMP,T,NL	: z	: z	: z	: z	: z	: z
A,RCV_B,IMP,T,PL	: z	: z	: z	: z	: z	: z
A,RCV_B,IMP,T,PT	: z	: z	: z	: z	: z	: z
A,RCV_B,IMP,T,RO	: z	: z	: z	: z	: z	: z
A,RCV_B,IMP,T,SE	: z	: z	: z	: z	: z	: z
A,RCV_B,IMP,T,SI	: z	: z	: z	: z	: z	: z
A,RCV_B,IMP,T,SK	: z	: z	: z	: z	: z	: z
A,RCV_B,IMP,T,UK	: z	: z	: z	: z	: z	: z
A,RCV_E,BAL_TRD,T,AT	-186215 	-138462 	-295490 	-24108 	-350558 	215517 
A,RCV_E,BAL_TRD,T,BE	-1434625 	-1160055 	-1165836 	-538284 	-607756 	-277779 
A,RCV_E,BAL_TRD,T,BG	29745 	21999 	8308 	-16011 	-11422 	: 
A,RCV_E,BAL_TRD,T,CY	0 	-9690 	-11014 	-75970 	-117579 	-154179 
A,RCV_E,BAL_TRD,T,CZ	187746 	137353 	49592 	-55198 	-252275 	-190847 
A,RCV_E,BAL_TRD,T,DE	-604078 s	-501585 s	-863407 s	-180473 s	-200417 s	-73190 s
A,RCV_E,BAL_TRD,T,DK	0 	-201586 	-376028 	-557801 	-490456 	-628570 
A,RCV_E,BAL_TRD,T,EE	72822 	23083 	-41138 	-48791 	: 	: 
A,RCV_E,BAL_TRD,T,EL	: 	: 	: 	: 	-3280 	: 
A,RCV_E,BAL_TRD,T,ES	-213414 	177192 	207336 	37122 	167143 	44213 
A,RCV_E,BAL_TRD,T,EU27_2020	-4300000 	-3190000 	-1690000 	-1730000 	-2910000 	-2970000 
A,RCV_E,BAL_TRD,T,FI	-208721 	-168126 	-72596 	-249372 	-78739 	-266719 
A,RCV_E,BAL_TRD,T,FR	107148 	130270 	152631 	-39939 	-70424 	-192199 
A,RCV_E,BAL_TRD,T,HR	108173 	0 	0 	23708 	-8744 	-31366 
A,RCV_E,BAL_TRD,T,HU	2906 	7077 	46055 	-49139 	19948 	-55303 
A,RCV_E,BAL_TRD,T,IE	6218 	16121 	9470 	17191 s	58586 	: 
A,RCV_E,BAL_TRD,T,IT	308661 s	87865 s	277487 s	449616 s	652737 s	820536 s
A,RCV_E,BAL_TRD,T,LT	-24857 	-48588 	-76036 	4712 	-46115 	: 
A,RCV_E,BAL_TRD,T,LU	27490 	48665 	21761 	-4715 	-18723 	-50659 
A,RCV_E,BAL_TRD,T,LV	: 	: 	: 	: 	82215 	-123214 
A,RCV_E,BAL_TRD,T,MT	0 	1737 	425 	0 	161 	102 
A,RCV_E,BAL_TRD,T,NL	1262280 	40952 	121130 	-32743 	-547073 	-57812 
A,RCV_E,BAL_TRD,T,PL	171148 	-85414 	385066 	335530 	433593 	177522 
A,RCV_E,BAL_TRD,T,PT	125424 	84940 	159793 	84775 	-93399 	-72608 
A,RCV_E,BAL_TRD,T,RO	0 d	0 d	0 d	0 d	18163 d	708 d
A,RCV_E,BAL_TRD,T,SE	-973335 	-1313543 	-1184479 	-1459250 	-1585802 	: 
A,RCV_E,BAL_TRD,T,SI	25847 	39635 	95582 	71831 	131217 	145494 
A,RCV_E,BAL_TRD,T,SK	0 d	0 d	0 d	0 d	28441 d	-59691 d
A,RCV_E,BAL_TRD,T,UK	127571 	427951 	892770 	887385 	: 	: 
A,RCV_E,EXP,T,AT	334045 	456608 	512579 	378626 	457466 	515993 
A,RCV_E,EXP,T,BE	444566 	522995 	427926 	284568 	218602 	276954 
A,RCV_E,EXP,T,BG	30210 	27407 	13572 	2037 	10767 	: 
A,RCV_E,EXP,T,CY	0 	0 	0 	0 	0 	0 
A,RCV_E,EXP,T,CZ	286841 	269358 	255320 	208490 	10245 	8160 
A,RCV_E,EXP,T,DE	1093157 s	1208328 s	1265728 s	918860 s	1039960 s	906155 s
A,RCV_E,EXP,T,DK	0 	39626 	48414 	61986 	58843 	69539 
A,RCV_E,EXP,T,EE	95967 	64799 	13777 	360 	: 	: 
A,RCV_E,EXP,T,EL	: 	: 	: 	: 	25071 	: 
A,RCV_E,EXP,T,ES	230473 	248377 	311128 	163075 	349796 	297515 
A,RCV_E,EXP,T,EU27_2020	9600000 	5520000 	4060000 	4210000 	4780000 	4560000 
A,RCV_E,EXP,T,FI	202893 	145782 	205770 	26381 	56365 	24040 
A,RCV_E,EXP,T,FR	485511 	583561 	467333 	293902 	559648 	569246 
A,RCV_E,EXP,T,HR	126743 	0 	0 	23708 	10529 	15310 
A,RCV_E,EXP,T,HU	98490 	104280 	126987 	38643 	24913 	35164 
A,RCV_E,EXP,T,IE	18080 	25208 	12341 	28311 s	66048 	: 
A,RCV_E,EXP,T,IT	409922 s	151907 s	377561 s	535648 s	653380 s	822277 s
A,RCV_E,EXP,T,LT	72073 	86525 	84735 	60977 	101901 	: 
A,RCV_E,EXP,T,LU	44611 	59591 	60436 	31454 	28616 	19784 
A,RCV_E,EXP,T,LV	: 	: 	: 	: 	82384 	19855 
A,RCV_E,EXP,T,MT	0 	1737 	425 	0 	161 	102 
A,RCV_E,EXP,T,NL	1523582 	1249348 	354574 	88112 	-384120 	226848 
A,RCV_E,EXP,T,PL	335341 	177996 	558939 	405586 	596679 	350284 
A,RCV_E,EXP,T,PT	125424 	84940 	159793 	84775 	79188 	79711 
A,RCV_E,EXP,T,RO	0 d	0 d	0 d	0 d	77070 d	32764 d
A,RCV_E,EXP,T,SE	37161 	97493 	89746 	89604 	85397 	: 
A,RCV_E,EXP,T,SI	236850 	251368 	262952 	160693 	203403 	174890 
A,RCV_E,EXP,T,SK	0 d	0 d	0 d	0 d	63801 d	74197 d
A,RCV_E,EXP,T,UK	155595 	444140 	922145 	928226 	: 	: 
A,RCV_E,FLOW_GRS,T,AT	1363260 	3279646 	: c	: c	: c	: c
A,RCV_E,FLOW_GRS,T,BE	4792021 	4670449 	5524006 	5490417 	5494211 	3920595 
A,RCV_E,FLOW_GRS,T,BG	143940 	171682 	193684 	461872 	634272 	655316 
A,RCV_E,FLOW_GRS,T,CY	7475 	11167 	30894 	74111 	131818 	185652 
A,RCV_E,FLOW_GRS,T,CZ	762754 	954703 	1014798 	1030393 	1200186 b	1381838 
A,RCV_E,FLOW_GRS,T,DE	27626164 	32990486 	37850641 	: c	45347674 	43992544 
A,RCV_E,FLOW_GRS,T,DK	3103928 	3282205 	3403441 	3474291 	3317907 	3392217 
A,RCV_E,FLOW_GRS,T,EE	332270 	345441 	512840 	505418 	392335 	334531 
A,RCV_E,FLOW_GRS,T,EL	126148 	118046 	137441 	219944 	298902 	367005 
A,RCV_E,FLOW_GRS,T,ES	2523031 	3269202 	3535204 	3829145 	3564633 	3444984 
A,RCV_E,FLOW_GRS,T,EU27_2020	85340000 	97800000 	105290000 	119810000 	127580000 	126770000 
A,RCV_E,FLOW_GRS,T,FI	9785774 	10124820 	4285063 	5441148 	5983330 	5824093 
A,RCV_E,FLOW_GRS,T,FR	12172290 	11609063 	13350281 	16472669 	17770228 	22450673 
A,RCV_E,FLOW_GRS,T,HR	107358 	38355 	45683 	28807 	73708 	209154 
A,RCV_E,FLOW_GRS,T,HU	858257 	960016 	1222294 	1032007 	1087016 	1310779 
A,RCV_E,FLOW_GRS,T,IE	167689 	403049 	720351 	558142 	1205620 	: 
A,RCV_E,FLOW_GRS,T,IT	2372758 	2593019 	2598789 	5500151 	8361930 	8078544 
A,RCV_E,FLOW_GRS,T,LT	110821 	105545 	186127 	276879 	291873 	462916 
A,RCV_E,FLOW_GRS,T,LU	31630 	36142 	209578 	237870 	267780 	295699 
A,RCV_E,FLOW_GRS,T,LV	63461 	152847 	169794 	124961 	172070 	179458 
A,RCV_E,FLOW_GRS,T,MT	0 	0 	0 	0 	0 	0 
A,RCV_E,FLOW_GRS,T,NL	5509880 	9009146 	10174569 	10551961 	9920363 	9379586 
A,RCV_E,FLOW_GRS,T,PL	3708446 	3562341 	5011631 	5407220 	5646255 	3555487 
A,RCV_E,FLOW_GRS,T,PT	1339912 	1196610 	1280796 	1170911 	1146998 	1188439 
A,RCV_E,FLOW_GRS,T,RO	1530622 	1647579 	2161876 	2478232 	2054565 	1958299 
A,RCV_E,FLOW_GRS,T,SE	6260883 	6673688 	7610463 	8842329 	8887437 	8769303 
A,RCV_E,FLOW_GRS,T,SI	282491 	325183 	268937 	231365 	206733 	191399 
A,RCV_E,FLOW_GRS,T,SK	254858 	269995 	311503 	557782 	568942 	627299 
A,RCV_E,FLOW_GRS,T,UK	797765 	1584682 	1937878 	7331069 	8466696 	: 
A,RCV_E,FLOW_NET,T,AT	1177045 	3141184 	: c	: c	: c	: c
A,RCV_E,FLOW_NET,T,BE	3357396 	3510394 	4358170 	4952133 	4886456 	3642816 
A,RCV_E,FLOW_NET,T,BG	173685 	193681 	201992 	445861 	622850 	: 
A,RCV_E,FLOW_NET,T,CY	7475 	1477 	19880 	-1859 	14239 	31473 
A,RCV_E,FLOW_NET,T,CZ	950500 	1092056 	1064390 	975195 	947910 b	1190991 
A,RCV_E,FLOW_NET,T,DE	27022086 s	32488902 s	36987234 s	: c	45147258 s	43919354 s
A,RCV_E,FLOW_NET,T,DK	3103928 	3080619 	3027413 	2916490 	2827451 	2763647 
A,RCV_E,FLOW_NET,T,EE	405092 	368524 	471703 	456627 	: 	: 
A,RCV_E,FLOW_NET,T,EL	: 	: 	: 	: 	295621 	: 
A,RCV_E,FLOW_NET,T,ES	2309617 	3446394 	3742540 	3866267 	3731776 	3489197 
A,RCV_E,FLOW_NET,T,EU27_2020	81040000 	94610000 	103590000 	118080000 	124670000 	123800000 
A,RCV_E,FLOW_NET,T,FI	9577053 	9956694 	4212467 	5191776 	5904591 	5557374 
A,RCV_E,FLOW_NET,T,FR	12279438 	11739333 	13502912 	16432730 	17699804 	22258474 
A,RCV_E,FLOW_NET,T,HR	215531 	38355 	45683 	52515 	64964 	177788 
A,RCV_E,FLOW_NET,T,HU	861163 	967093 	1268349 	982868 	1106964 	1255476 
A,RCV_E,FLOW_NET,T,IE	173907 	419170 	729821 	575333 s	1264206 	: 
A,RCV_E,FLOW_NET,T,IT	2681419 s	2680884 s	2876276 s	5949767 s	9014667 s	8899080 s
A,RCV_E,FLOW_NET,T,LT	85964 	56957 	110092 	281591 	245759 	: 
A,RCV_E,FLOW_NET,T,LU	59120 	84807 	231339 	233155 	249057 	245040 
A,RCV_E,FLOW_NET,T,LV	: 	: 	: 	: 	254285 	56244 
A,RCV_E,FLOW_NET,T,MT	0 	1737 	425 	0 	161 	102 
A,RCV_E,FLOW_NET,T,NL	6772160 	9050098 	10295699 	10519218 	9373290 	9321774 
A,RCV_E,FLOW_NET,T,PL	3879594 	3476927 	5396697 	5742750 	6079848 	3733009 
A,RCV_E,FLOW_NET,T,PT	1465336 	1281550 	1440589 	1255686 	1053599 	1115832 
A,RCV_E,FLOW_NET,T,RO	1530622 d	1647579 d	2161876 d	2478232 d	2072728 d	1959007 d
A,RCV_E,FLOW_NET,T,SE	5287548 	5360145 	6425984 	7383079 	7301635 	: 
A,RCV_E,FLOW_NET,T,SI	308338 	364818 	364519 	303196 	337950 	336893 
A,RCV_E,FLOW_NET,T,SK	254858 d	269995 d	311503 d	557782 d	597383 d	567608 d
A,RCV_E,FLOW_NET,T,UK	925336 	2012633 	2830648 	8218454 	: 	: 
A,RCV_E,IMP,T,AT	520260 	595070 	808069 	402734 	808024 	300476 
A,RCV_E,IMP,T,BE	1879192 	1683050 	1593762 	822852 	826357 	554733 
A,RCV_E,IMP,T,BG	465 	5408 	5265 	18048 	22189 	: 
A,RCV_E,IMP,T,CY	0 	9690 	11014 	75970 	117579 	154179 
A,RCV_E,IMP,T,CZ	99095 	132005 	205728 	263688 	262521 	199007 
A,RCV_E,IMP,T,DE	1697234 s	1709912 s	2129135 s	1099333 s	1240377 s	979345 s
A,RCV_E,IMP,T,DK	0 	241212 	424442 	619786 	549300 	698110 
A,RCV_E,IMP,T,EE	23145 	41716 	54915 	49151 	: 	: 
A,RCV_E,IMP,T,EL	: 	: 	: 	: 	28351 	: 
A,RCV_E,IMP,T,ES	443887 	71185 	103792 	125953 	182653 	253302 
A,RCV_E,IMP,T,EU27_2020	13900000 	8710000 	5750000 	5940000 	7700000 	7530000 
A,RCV_E,IMP,T,FI	411615 	313908 	278366 	275754 	135104 	290759 
A,RCV_E,IMP,T,FR	378363 	453291 	314701 	333841 	630072 	761446 
A,RCV_E,IMP,T,HR	18570 	0 	0 	0 	19272 	46676 
A,RCV_E,IMP,T,HU	95585 	97202 	80932 	87782 	4965 	90467 
A,RCV_E,IMP,T,IE	11863 	9086 	2871 	11120 s	7462 	: 
A,RCV_E,IMP,T,IT	101261 s	64042 s	100074 s	86032 s	643 s	1741 s
A,RCV_E,IMP,T,LT	96930 	135113 	160771 	56265 	148015 	: 
A,RCV_E,IMP,T,LU	17121 	10926 	38675 	36169 	47338 	70443 
A,RCV_E,IMP,T,LV	: 	: 	: 	: 	168 	143068 
A,RCV_E,IMP,T,MT	0 	0 	0 	0 	0 	0 
A,RCV_E,IMP,T,NL	261301 	1208396 	233443 	120855 	162953 	284660 
A,RCV_E,IMP,T,PL	164193 	263411 	173873 	70056 	163086 	172762 
A,RCV_E,IMP,T,PT	0 	0 	0 	0 	172588 	152319 
A,RCV_E,IMP,T,RO	0 d	0 d	0 d	0 d	58907 d	32056 d
A,RCV_E,IMP,T,SE	1010496 	1411036 	1274225 	1548854 	1671199 	: 
A,RCV_E,IMP,T,SI	211003 	211734 	167370 	88862 	72186 	29396 
A,RCV_E,IMP,T,SK	0 d	0 d	0 d	0 d	35360 d	133888 d
A,RCV_E,IMP,T,UK	28024 	16189 	29375 	40841 	: 	: 
A,RCV_R,BAL_TRD,T,AT	-756526 	-743966 	-1145896 	-942863 	-1730896 	-1317257 
A,RCV_R,BAL_TRD,T,BE	-482635 	-495411 	-490314 	-1109113 	-110475 	550264 
A,RCV_R,BAL_TRD,T,BG	660306 	646337 	257951 	115997 	217937 	: 
A,RCV_R,BAL_TRD,T,CY	161076 	204122 	143118 	129588 	145965 	137610 
A,RCV_R,BAL_TRD,T,CZ	1972394 	2189461 	2252518 	2009422 	1198657 	1190888 
A,RCV_R,BAL_TRD,T,DE	6072743 s	5409040 s	4772622 s	5013957 s	4049224 s	3158692 s
A,RCV_R,BAL_TRD,T,DK	0 	1744979 	1483113 	1276658 	1701254 	1423109 
A,RCV_R,BAL_TRD,T,EE	647930 	535171 	431685 	257218 	: 	: 
A,RCV_R,BAL_TRD,T,EL	: 	: 	: 	: 	-476047 	: 
A,RCV_R,BAL_TRD,T,ES	-6116016 	-4067504 	-4773552 	-3929906 	-3847341 	-3517226 
A,RCV_R,BAL_TRD,T,EU27_2020	17350000 	17340000 	14230000 	11740000 	12140000 	13760000 
A,RCV_R,BAL_TRD,T,FI	-299250 	593305 	517861 	463284 	402740 	-166970 
A,RCV_R,BAL_TRD,T,FR	7081748 	7405511 	7802676 	6283067 	6529128 	6236634 
A,RCV_R,BAL_TRD,T,HR	316853 	0 	0 	223755 	241916 	173608 
A,RCV_R,BAL_TRD,T,HU	761761 	935573 	819469 	755541 	845079 	643250 
A,RCV_R,BAL_TRD,T,IE	531635 	777729 	614019 	560682 s	523699 	: 
A,RCV_R,BAL_TRD,T,IT	-2324304 s	-2661168 s	-3439985 s	-3240148 s	-4575060 s	-3971891 s
A,RCV_R,BAL_TRD,T,LT	511310 	512735 	550230 	535067 	657258 	: 
A,RCV_R,BAL_TRD,T,LU	-2599999 	-2421209 	-2206424 	-2289378 	-2346399 	-2141416 
A,RCV_R,BAL_TRD,T,LV	: 	: 	: 	: 	58269 	161184 
A,RCV_R,BAL_TRD,T,MT	76783 	85333 	87165 	176494 	108700 	94447 
A,RCV_R,BAL_TRD,T,NL	1175826 	756363 	3950417 	3694767 	-8499564 	2914508 
A,RCV_R,BAL_TRD,T,PL	1292524 	1872087 	1707044 	1222613 	1761983 	2569616 
A,RCV_R,BAL_TRD,T,PT	1091890 	975605 	925806 	1304964 	-1205985 	-1057783 
A,RCV_R,BAL_TRD,T,RO	0 d	0 d	0 d	0 d	764515 d	1310077 d
A,RCV_R,BAL_TRD,T,SE	195716 	654094 	756950 	876421 	857472 	: 
A,RCV_R,BAL_TRD,T,SI	-411690 	-320720 	-337549 	-372460 	-101146 	-5844 
A,RCV_R,BAL_TRD,T,SK	0 d	0 d	0 d	0 d	560458 d	856806 d
A,RCV_R,BAL_TRD,T,UK	13205235 	13134862 	12517135 	13999498 	: 	: 
A,RCV_R,EXP,T,AT	2122117 	2199134 	2253155 	2748251 	2595244 	2192601 
A,RCV_R,EXP,T,BE	8068869 	7975870 	8549575 	8120235 	8808955 	9066175 
A,RCV_R,EXP,T,BG	1089370 	960688 	600894 	513085 	701461 	: 
A,RCV_R,EXP,T,CY	161076 	204122 	143118 	129606 	146649 	154321 
A,RCV_R,EXP,T,CZ	2808488 	3255848 	3464681 	3405135 	3339559 	3304386 
A,RCV_R,EXP,T,DE	19678320 s	19543741 s	18910535 s	19165513 s	18639009 s	16648639 s
A,RCV_R,EXP,T,DK	0 	2203264 	2194778 	1744082 	2095788 	2095367 
A,RCV_R,EXP,T,EE	697202 	805300 	583891 	361107 	: 	: 
A,RCV_R,EXP,T,EL	: 	: 	: 	: 	671011 	: 
A,RCV_R,EXP,T,ES	1757668 	2554021 	2803472 	3013284 	3064010 	2634090 
A,RCV_R,EXP,T,EU27_2020	85050000 	85970000 	86540000 	84560000 	89170000 	86590000 
A,RCV_R,EXP,T,FI	582995 	782635 	746604 	673879 	797076 	1046475 
A,RCV_R,EXP,T,FR	12549176 	13294225 	13527805 	11858708 	12255954 	11558920 
A,RCV_R,EXP,T,HR	501839 	0 	0 	557626 	709209 	870844 
A,RCV_R,EXP,T,HU	1410330 	1681109 	1540149 	1690790 	1756148 	1602330 
A,RCV_R,EXP,T,IE	1047506 	1153514 	1151583 	1143922 s	1281036 	: 
A,RCV_R,EXP,T,IT	2432596 s	2886946 s	2507906 s	2291225 s	2273712 s	2447363 s
A,RCV_R,EXP,T,LT	745590 	815253 	821610 	861044 	1176040 	: 
A,RCV_R,EXP,T,LU	427565 	486999 	385700 	461800 	455638 	467504 
A,RCV_R,EXP,T,LV	: 	: 	: 	: 	139943 	436146 
A,RCV_R,EXP,T,MT	76783 	85333 	87165 	176494 	108700 	94447 
A,RCV_R,EXP,T,NL	7146651 	6487118 	10340559 	10339059 	3758678 	11842581 
A,RCV_R,EXP,T,PL	2458625 	3239751 	3537599 	3493720 	4353604 	4948782 
A,RCV_R,EXP,T,PT	1091890 	975605 	925806 	1304964 	1272244 	1172079 
A,RCV_R,EXP,T,RO	0 d	0 d	0 d	0 d	1372801 d	1867798 d
A,RCV_R,EXP,T,SE	2199317 	2478753 	2471325 	2494323 	2419522 	: 
A,RCV_R,EXP,T,SI	714123 	828866 	883717 	945064 	923880 	916284 
A,RCV_R,EXP,T,SK	0 d	0 d	0 d	0 d	1111295 d	1627181 d
A,RCV_R,EXP,T,UK	14773157 	14423881 	13893767 	15466368 	: 	: 
A,RCV_R,FLOW_GRS,T,AT	6766266 	8473545 	8962417 	10544245 	9997304 	9623832 
A,RCV_R,FLOW_GRS,T,BE	22831656 	30174653 	31695830 	31471602 	35888267 	36375973 
A,RCV_R,FLOW_GRS,T,BG	1534050 	1708812 	2571058 	3781473 	3182983 	6988842 
A,RCV_R,FLOW_GRS,T,CY	307899 	63764 	80505 	96781 	124228 	215854 
A,RCV_R,FLOW_GRS,T,CZ	4079146 	4707309 	4996961 	5499970 	6873081 b	6076961 
A,RCV_R,FLOW_GRS,T,DE	67754441 	68170346 	72472001 	: c	73690256 	73472724 
A,RCV_R,FLOW_GRS,T,DK	4514291 	3493988 	3293632 	3848703 	3392455 	3693577 
A,RCV_R,FLOW_GRS,T,EE	1833582 	2152602 	1755557 	909410 	1173719 	831805 
A,RCV_R,FLOW_GRS,T,EL	4502836 	2782790 	1992483 	2963075 	4142938 	3327340 
A,RCV_R,FLOW_GRS,T,ES	28415622 	27422580 	29895003 	25728082 	28576431 	24972305 
A,RCV_R,FLOW_GRS,T,EU27_2020	325370000 	341120000 	360610000 	359240000 	377260000 	357370000 
A,RCV_R,FLOW_GRS,T,FI	7025286 	8229933 	3996349 	3277227 	3826713 	4575181 
A,RCV_R,FLOW_GRS,T,FR	35567513 	34732050 	36929189 	40192699 	40017898 	35065250 
A,RCV_R,FLOW_GRS,T,HR	397594 	814728 	1321697 	1415865 	1617106 	1833570 
A,RCV_R,FLOW_GRS,T,HU	2908408 	2834179 	3356266 	3379220 	4086950 	5607899 
A,RCV_R,FLOW_GRS,T,IE	863382 	611534 	1026939 	967871 	1147263 	: 
A,RCV_R,FLOW_GRS,T,IT	47209723 	53631085 	56404352 	58154387 	61119415 	61579533 
A,RCV_R,FLOW_GRS,T,LT	763441 	582547 	703405 	1038496 	953288 	1181926 
A,RCV_R,FLOW_GRS,T,LU	4234472 	3294521 	2664463 	3114107 	3163514 	2952706 
A,RCV_R,FLOW_GRS,T,LV	165504 	626004 	978827 	1214511 	622368 	1070435 
A,RCV_R,FLOW_GRS,T,MT	73 	4735 	0 	3060 	2779 	3577 
A,RCV_R,FLOW_GRS,T,NL	27510558 	28910400 	28634657 	28974738 	30718917 	29848885 
A,RCV_R,FLOW_GRS,T,PL	36342567 	35547046 	45349260 	37008636 	40212902 	24938508 
A,RCV_R,FLOW_GRS,T,PT	3581705 	3653643 	4367026 	3197047 	4228184 	4080895 
A,RCV_R,FLOW_GRS,T,RO	5527962 	6413975 	5399301 	5825201 	4929774 	5058124 
A,RCV_R,FLOW_GRS,T,SE	6901824 	7232175 	7533063 	7881482 	8191689 	7245441 
A,RCV_R,FLOW_GRS,T,SI	1803601 	2646931 	2244627 	2238365 	2476497 	2183680 
A,RCV_R,FLOW_GRS,T,SK	2028799 	2205167 	1986510 	2823581 	2898907 	3504808 
A,RCV_R,FLOW_GRS,T,UK	34001830 	32952449 	32502486 	34013870 	35463852 	: 
A,RCV_R,FLOW_NET,T,AT	6009740 	7729579 	7816521 	9601382 	8266407 	8306575 
A,RCV_R,FLOW_NET,T,BE	22349021 	29679242 	31205516 	30362489 	35777792 	36926237 
A,RCV_R,FLOW_NET,T,BG	2194356 	2355149 	2829009 	3897470 	3400920 	: 
A,RCV_R,FLOW_NET,T,CY	468975 	267886 	223623 	226369 	270193 	353464 
A,RCV_R,FLOW_NET,T,CZ	6051540 	6896770 	7249479 	7509392 	8071738 b	7267849 
A,RCV_R,FLOW_NET,T,DE	73827184 s	73579386 s	77244623 s	: c	77739480 s	76631417 s
A,RCV_R,FLOW_NET,T,DK	4514291 	5238967 	4776745 	5125361 	5093709 	5116686 
A,RCV_R,FLOW_NET,T,EE	2481512 	2687773 	2187242 	1166628 	: 	: 
A,RCV_R,FLOW_NET,T,EL	: 	: 	: 	: 	3666891 	: 
A,RCV_R,FLOW_NET,T,ES	22299606 	23355076 	25121451 	21798176 	24729090 	21455078 
A,RCV_R,FLOW_NET,T,EU27_2020	342720000 	358460000 	374840000 	370980000 	389390000 	371130000 
A,RCV_R,FLOW_NET,T,FI	6726036 	8823238 	4514210 	3740511 	4229453 	4408211 
A,RCV_R,FLOW_NET,T,FR	42649261 	42137561 	44731865 	46475766 	46547026 	41301884 
A,RCV_R,FLOW_NET,T,HR	714447 	814728 	1321697 	1639620 	1859021 	2007178 
A,RCV_R,FLOW_NET,T,HU	3670169 	3769752 	4175735 	4134761 	4932029 	6251149 
A,RCV_R,FLOW_NET,T,IE	1395017 	1389263 	1640958 	1528553 s	1670962 	: 
A,RCV_R,FLOW_NET,T,IT	44885419 s	50969917 s	52964367 s	54914239 s	56544355 s	57607642 s
A,RCV_R,FLOW_NET,T,LT	1274751 	1095282 	1253635 	1573563 	1610547 	: 
A,RCV_R,FLOW_NET,T,LU	1634473 	873312 	458039 	824729 	817115 	811290 
A,RCV_R,FLOW_NET,T,LV	: 	: 	: 	: 	680637 	1231619 
A,RCV_R,FLOW_NET,T,MT	76856 	90068 	87165 	179554 	111479 	98025 
A,RCV_R,FLOW_NET,T,NL	28686384 	29666763 	32585074 	32669505 	22219353 	32763393 
A,RCV_R,FLOW_NET,T,PL	37635091 	37419133 	47056304 	38231249 	41974885 	27508124 
A,RCV_R,FLOW_NET,T,PT	4673595 	4629248 	5292832 	4502011 	3022199 	3023112 
A,RCV_R,FLOW_NET,T,RO	5527962 d	6413975 d	5399301 d	5825201 d	5694289 d	6368201 d
A,RCV_R,FLOW_NET,T,SE	7097540 	7886269 	8290013 	8757903 	9049160 	: 
A,RCV_R,FLOW_NET,T,SI	1391911 	2326212 	1907078 	1865905 	2375350 	2177837 
A,RCV_R,FLOW_NET,T,SK	2028799 d	2205167 d	1986510 d	2823581 d	3459364 d	4361614 d
A,RCV_R,FLOW_NET,T,UK	47207065 	46087312 	45019621 	48013368 	: 	: 
A,RCV_R,IMP,T,AT	2878643 	2943099 	3399051 	3691114 	4326141 	3509858 
A,RCV_R,IMP,T,BE	8551504 	8471280 	9039889 	9229348 	8919430 	8515911 
A,RCV_R,IMP,T,BG	429064 	314351 	342944 	397088 	483524 	: 
A,RCV_R,IMP,T,CY	0 	0 	0 	19 	684 	16711 
A,RCV_R,IMP,T,CZ	836094 	1066387 	1212162 	1395713 	2140902 	2113498 
A,RCV_R,IMP,T,DE	13605577 s	14134702 s	14137913 s	14151557 s	14589785 s	13489946 s
A,RCV_R,IMP,T,DK	0 	458285 	711665 	467423 	394535 	672257 
A,RCV_R,IMP,T,EE	49272 	270129 	152206 	103888 	: 	: 
A,RCV_R,IMP,T,EL	: 	: 	: 	: 	1147058 	: 
A,RCV_R,IMP,T,ES	7873684 	6621525 	7577024 	6943190 	6911351 	6151316 
A,RCV_R,IMP,T,EU27_2020	67700000 	68640000 	72310000 	72820000 	77030000 	72830000 
A,RCV_R,IMP,T,FI	882245 	189329 	228743 	210595 	394336 	1213445 
A,RCV_R,IMP,T,FR	5467428 	5888714 	5725129 	5575641 	5726825 	5322286 
A,RCV_R,IMP,T,HR	184986 	0 	0 	333872 	467293 	697237 
A,RCV_R,IMP,T,HU	648570 	745536 	720681 	935248 	911070 	959081 
A,RCV_R,IMP,T,IE	515871 	375785 	537564 	583241 s	757336 	: 
A,RCV_R,IMP,T,IT	4756899 s	5548114 s	5947891 s	5531373 s	6848772 s	6419254 s
A,RCV_R,IMP,T,LT	234280 	302518 	271380 	325977 	518782 	: 
A,RCV_R,IMP,T,LU	3027564 	2908208 	2592124 	2751178 	2802037 	2608921 
A,RCV_R,IMP,T,LV	: 	: 	: 	: 	81674 	274962 
A,RCV_R,IMP,T,MT	0 	0 	0 	0 	0 	0 
A,RCV_R,IMP,T,NL	5970825 	5730755 	6390141 	6644292 	12258242 	8928074 
A,RCV_R,IMP,T,PL	1166101 	1367665 	1830555 	2271107 	2591621 	2379166 
A,RCV_R,IMP,T,PT	0 	0 	0 	0 	2478229 	2229862 
A,RCV_R,IMP,T,RO	0 d	0 d	0 d	0 d	608286 d	557722 d
A,RCV_R,IMP,T,SE	2003601 	1824658 	1714375 	1617902 	1562050 	: 
A,RCV_R,IMP,T,SI	1125813 	1149586 	1221266 	1317524 	1025026 	922127 
A,RCV_R,IMP,T,SK	0 d	0 d	0 d	0 d	550838 d	770375 d
A,RCV_R,IMP,T,UK	1567922 	1289019 	1376632 	1466870 	: 	: 
A,TRT,BAL_TRD,T,AT	-950669 	-887038 	-1456039 	-966766 	-2082307 	-1177277 
A,TRT,BAL_TRD,T,BE	-2095440 	-2293887 	-2004807 	-1642665 	-840354 	50934 
A,TRT,BAL_TRD,T,BG	690849 	668267 	265049 	81074 	206454 	: 
A,TRT,BAL_TRD,T,CY	161076 	194432 	132105 	53811 	28406 	-16552 
A,TRT,BAL_TRD,T,CZ	2155989 	2316993 	2286682 	1957608 	942672 	827884 
A,TRT,BAL_TRD,T,DE	5651115 s	4984048 s	3903236 s	4677131 s	3765177 s	3054692 s
A,TRT,BAL_TRD,T,DK	0 	1592708 	955328 	784753 	1245845 	827996 
A,TRT,BAL_TRD,T,EE	713201 	549486 	376970 	208619 	: 	: 
A,TRT,BAL_TRD,T,EL	: 	: 	: 	: 	-480077 	: 
A,TRT,BAL_TRD,T,ES	-6431949 	-3956759 	-4593161 	-3917763 	-3712661 	-3476141 
A,TRT,BAL_TRD,T,EU27_2020	12910000 	13540000 	11950000 	8360000 	8900000 	10150000 
A,TRT,BAL_TRD,T,FI	-516581 	331592 	445265 	214878 	326114 	-431735 
A,TRT,BAL_TRD,T,FR	6894141 	7457400 	7871616 	6206664 	6441365 	6008916 
A,TRT,BAL_TRD,T,HR	425538 	0 	0 	261076 	243118 	144263 
A,TRT,BAL_TRD,T,HU	762938 	941545 	861083 	706442 	863921 	587397 
A,TRT,BAL_TRD,T,IE	535159 	789528 	623777 	592358 s	585112 	: 
A,TRT,BAL_TRD,T,IT	-1638713 s	-2013107 s	-2913643 s	-2532319 s	-3454454 s	-2683787 s
A,TRT,BAL_TRD,T,LT	486283 	469607 	480138 	548321 	611170 	: 
A,TRT,BAL_TRD,T,LU	-2572477 	-2372609 	-2184676 	-2272393 	-2318616 	-2159990 
A,TRT,BAL_TRD,T,LV	: 	: 	: 	: 	77285 	-9225 
A,TRT,BAL_TRD,T,MT	78165 	87767 	88465 	177057 	121392 	115620 
A,TRT,BAL_TRD,T,NL	2594180 	956044 	4076064 	3755817 	-9689755 	2472854 
A,TRT,BAL_TRD,T,PL	1466298 	1785941 	2098621 	1546156 	2210202 	2743947 
A,TRT,BAL_TRD,T,PT	1218124 	1061121 	1087057 	1390449 	-1306205 	-1130762 
A,TRT,BAL_TRD,T,RO	0 d	0 d	0 d	0 d	782141 d	1310494 d
A,TRT,BAL_TRD,T,SE	-680563 	-627884 	-358356 	-501606 	-601811 	: 
A,TRT,BAL_TRD,T,SI	-386553 	-280110 	-237887 	-295723 	57510 	171581 
A,TRT,BAL_TRD,T,SK	0 d	0 d	0 d	0 d	577887 d	781614 d
A,TRT,BAL_TRD,T,UK	13310021 	13602579 	13400567 	14926962 	: 	: 
A,TRT,EXP,T,AT	2463048 	2669051 	2772804 	3179097 	3072534 	2731628 
A,TRT,EXP,T,BE	8600107 	8581482 	9035633 	8674348 	9085493 	9397242 
A,TRT,EXP,T,BG	1120444 	988095 	614466 	515214 	712231 	: 
A,TRT,EXP,T,CY	161076 	204122 	143119 	129800 	146669 	154339 
A,TRT,EXP,T,CZ	3096842 	3527658 	3721819 	3617848 	3353594 	3345258 
A,TRT,EXP,T,DE	21150459 s	21169304 s	20589766 s	20149357 s	19769980 s	17665498 s
A,TRT,EXP,T,DK	0 	2404265 	2334657 	1875489 	2190023 	2199049 
A,TRT,EXP,T,EE	793191 	870098 	604606 	361681 	: 	: 
A,TRT,EXP,T,EL	: 	: 	: 	: 	696089 	: 
A,TRT,EXP,T,ES	1995579 	2805767 	3117100 	3178260 	3415492 	2957361 
A,TRT,EXP,T,EU27_2020	95490000 	92380000 	91470000 	90000000 	94980000 	92140000 
A,TRT,EXP,T,FI	785888 	928416 	952374 	701227 	855616 	1073001 
A,TRT,EXP,T,FR	13066535 	13907133 	14018152 	12170593 	12860008 	12171924 
A,TRT,EXP,T,HR	636552 	0 	0 	594947 	729684 	888175 
A,TRT,EXP,T,HU	1508899 	1785390 	1667228 	1729475 	1781263 	1637494 
A,TRT,EXP,T,IE	1066349 	1179819 	1167633 	1186836 s	1350803 	: 
A,TRT,EXP,T,IT	3262095 s	3666211 s	3236650 s	3163300 s	3396359 s	3737975 s
A,TRT,EXP,T,LT	819559 	908059 	912404 	930809 	1279609 	: 
A,TRT,EXP,T,LU	472234 	546638 	446153 	514954 	530760 	519374 
A,TRT,EXP,T,LV	: 	: 	: 	: 	223165 	463665 
A,TRT,EXP,T,MT	78165 	87767 	88465 	177057 	121392 	115620 
A,TRT,EXP,T,NL	8857085 	7960120 	10789948 	10591691 	3000632 	12306202 
A,TRT,EXP,T,PL	2816847 	3434045 	4111603 	3899801 	4971759 	5299622 
A,TRT,EXP,T,PT	1218124 	1061121 	1087057 	1390449 	1351478 	1252046 
A,TRT,EXP,T,RO	0 d	0 d	0 d	0 d	1449878 d	1900638 d
A,TRT,EXP,T,SE	2357033 	2706000 	2719426 	2814124 	2713830 	: 
A,TRT,EXP,T,SI	951159 	1082461 	1150757 	1110663 	1155175 	1124103 
A,TRT,EXP,T,SK	0 d	0 d	0 d	0 d	1175120 d	1701539 d
A,TRT,EXP,T,UK	14942029 	14926138 	14830466 	16447718 	: 	: 
A,TRT,FLOW_GRS,T,AT	10976875 	12858944 	14040171 	15462417 	15243169 	14406552 
A,TRT,FLOW_GRS,T,BE	31808270 	39382523 	40392716 	40444622 	45181828 	42265026 
A,TRT,FLOW_GRS,T,BG	7548357 	16056992 	16528476 	14620807 	14808211 	13561635 
A,TRT,FLOW_GRS,T,CY	862265 	600925 	585092 	686385 	808096 	825902 
A,TRT,FLOW_GRS,T,CZ	9827304 	9580228 	9841258 	10547872 	12394643 b	11502582 
A,TRT,FLOW_GRS,T,DE	128027881 	132515309 	140848379 	142528452 	141893664 	136669359 
A,TRT,FLOW_GRS,T,DK	8121448 	7262228 	7049885 	7588274 	7326677 	7353600 
A,TRT,FLOW_GRS,T,EE	10436336 	10255619 	11301626 	11003895 	11866896 	7110836 
A,TRT,FLOW_GRS,T,EL	22456246 	21666732 	17859898 	11725070 	13985004 	8709252 
A,TRT,FLOW_GRS,T,ES	56796951 	54389676 	59259119 	51015248 	56252951 	48088623 
A,TRT,FLOW_GRS,T,EU27_2020	638770000 	665770000 	679400000 	663700000 	691790000 	633800000 
A,TRT,FLOW_GRS,T,FI	20597619 	21270888 	10622479 	10003528 	10962148 	11391864 
A,TRT,FLOW_GRS,T,FR	78078875 	74918648 	76828496 	80141775 	83602083 	81365364 
A,TRT,FLOW_GRS,T,HR	2351104 	2305358 	2810379 	2873607 	3068969 	3210165 
A,TRT,FLOW_GRS,T,HU	9306174 	9781335 	9470767 	8847251 	9288333 	11095767 
A,TRT,FLOW_GRS,T,IE	3303974 	2982103 	3035834 	3119711 	3458430 	: 
A,TRT,FLOW_GRS,T,IT	76399718 	81058801 	82186307 	82841441 	87866646 	82220233 
A,TRT,FLOW_GRS,T,LT	2078246 	1688260 	1724917 	1760138 	1633784 	1927480 
A,TRT,FLOW_GRS,T,LU	4440491 	3504645 	2919632 	3558204 	3489550 	3305873 
A,TRT,FLOW_GRS,T,LV	837777 	1375391 	1812287 	1705385 	1286319 	1780117 
A,TRT,FLOW_GRS,T,MT	238821 	231981 	238216 	245057 	282483 	284305 
A,TRT,FLOW_GRS,T,NL	37846793 	40724630 	41058972 	41870083 	43131780 	41615129 
A,TRT,FLOW_GRS,T,PL	63361809 	65952010 	76026512 	66689053 	68276787 	50374777 
A,TRT,FLOW_GRS,T,PT	8677682 	8466034 	8746301 	7330320 	8822098 	8964575 
A,TRT,FLOW_GRS,T,RO	21446877 	22538877 	19848602 	19737618 	18944271 	15997797 
A,TRT,FLOW_GRS,T,SE	14561913 	15392336 	16613311 	18268902 	18702252 	17522900 
A,TRT,FLOW_GRS,T,SI	3088101 	3436685 	2796587 	2617908 	2854430 	2553931 
A,TRT,FLOW_GRS,T,SK	5287639 	5573764 	4958494 	6470144 	6354930 	6438376 
A,TRT,FLOW_GRS,T,UK	72139777 	68648264 	65719038 	67830080 	69935084 	: 
A,TRT,FLOW_NET,T,AT	10026206 	11971906 	12584133 	14495651 	13160862 	13229275 
A,TRT,FLOW_NET,T,BE	29712830 	37088636 	38387909 	38801957 	44341474 	42315960 
A,TRT,FLOW_NET,T,BG	8239206 	16725259 	16793525 	14701881 	15014665 	: 
A,TRT,FLOW_NET,T,CY	1023341 	795357 	717197 	740196 	836502 	809350 
A,TRT,FLOW_NET,T,CZ	11983293 	11897221 	12127940 	12505480 	13337316 b	12330467 
A,TRT,FLOW_NET,T,DE	133678996 s	137499357 s	144751615 s	147205583 s	145658842 s	139724051 s
A,TRT,FLOW_NET,T,DK	8121448 	8854936 	8005213 	8373027 	8572522 	8181596 
A,TRT,FLOW_NET,T,EE	11149537 	10805105 	11678596 	11212514 	: 	: 
A,TRT,FLOW_NET,T,EL	: 	: 	: 	: 	13504927 	: 
A,TRT,FLOW_NET,T,ES	50365002 	50432917 	54665958 	47097486 	52540290 	44612482 
A,TRT,FLOW_NET,T,EU27_2020	651680000 	679310000 	691350000 	672070000 	700690000 	643950000 
A,TRT,FLOW_NET,T,FI	20081039 	21602480 	11067744 	10218406 	11288262 	10960129 
A,TRT,FLOW_NET,T,FR	84973016 	82376048 	84700112 	86348439 	90043448 	87374280 
A,TRT,FLOW_NET,T,HR	2776642 	2305358 	2810379 	3134683 	3312087 	3354427 
A,TRT,FLOW_NET,T,HU	10069112 	10722880 	10331850 	9553693 	10152253 	11683164 
A,TRT,FLOW_NET,T,IE	3839133 	3771631 	3659611 	3712069 s	4043542 	: 
A,TRT,FLOW_NET,T,IT	74761005 s	79045694 s	79272664 s	80309122 s	84412192 s	79536446 s
A,TRT,FLOW_NET,T,LT	2564529 	2157867 	2205055 	2308459 	2244954 	: 
A,TRT,FLOW_NET,T,LU	1868014 	1132036 	734956 	1285811 	1170934 	1145883 
A,TRT,FLOW_NET,T,LV	: 	: 	: 	: 	1363604 	1770892 
A,TRT,FLOW_NET,T,MT	316986 	319748 	326681 	422113 	403875 	399924 
A,TRT,FLOW_NET,T,NL	40440973 	41680674 	45135036 	45625900 	33442025 	44087983 
A,TRT,FLOW_NET,T,PL	64828107 	67737951 	78125133 	68235209 	70486988 	53118724 
A,TRT,FLOW_NET,T,PT	9895806 	9527155 	9833358 	8720769 	7515893 	7833813 
A,TRT,FLOW_NET,T,RO	21446877 d	22538877 d	19848602 d	19737618 d	19726412 d	17308291 d
A,TRT,FLOW_NET,T,SE	13881350 	14764452 	16254955 	17767296 	18100441 	: 
A,TRT,FLOW_NET,T,SI	2701548 	3156575 	2558701 	2322185 	2911939 	2725512 
A,TRT,FLOW_NET,T,SK	5287639 d	5573764 d	4958494 d	6470144 d	6932817 d	7219990 d
A,TRT,FLOW_NET,T,UK	85449799 	82250843 	79119605 	82757043 	: 	: 
A,TRT,IMP,T,AT	3413717 	3556088 	4228843 	4145863 	5154841 	3908905 
A,TRT,IMP,T,BE	10695547 	10875369 	11040441 	10317013 	9925847 	9346308 
A,TRT,IMP,T,BG	429595 	319828 	349418 	434140 	505777 	: 
A,TRT,IMP,T,CY	0 	9690 	11014 	75989 	118263 	170890 
A,TRT,IMP,T,CZ	940853 	1210665 	1435137 	1660239 	2410922 	2517374 
A,TRT,IMP,T,DE	15499344 s	16185257 s	16686530 s	15472226 s	16004803 s	14610806 s
A,TRT,IMP,T,DK	0 	811557 	1379329 	1090736 	944178 	1371053 
A,TRT,IMP,T,EE	79990 	320612 	227636 	153063 	: 	: 
A,TRT,IMP,T,EL	: 	: 	: 	: 	1176166 	: 
A,TRT,IMP,T,ES	8427528 	6762526 	7710261 	7096023 	7128153 	6433502 
A,TRT,IMP,T,EU27_2020	82580000 	78840000 	79520000 	81640000 	86080000 	81980000 
A,TRT,IMP,T,FI	1302469 	596824 	507109 	486350 	529502 	1504736 
A,TRT,IMP,T,FR	6172394 	6449733 	6146536 	5963928 	6418643 	6163008 
A,TRT,IMP,T,HR	211014 	0 	0 	333872 	486566 	743913 
A,TRT,IMP,T,HU	745961 	843845 	806145 	1023033 	917343 	1050097 
A,TRT,IMP,T,IE	531190 	390291 	543856 	594478 s	765691 	: 
A,TRT,IMP,T,IT	4900808 s	5679318 s	6150293 s	5695619 s	6850813 s	6421762 s
A,TRT,IMP,T,LT	333275 	438452 	432266 	382488 	668438 	: 
A,TRT,IMP,T,LU	3044711 	2919246 	2630828 	2787347 	2849375 	2679364 
A,TRT,IMP,T,LV	: 	: 	: 	: 	145880 	472890 
A,TRT,IMP,T,MT	0 	0 	0 	0 	0 	0 
A,TRT,IMP,T,NL	6262904 	7004076 	6713884 	6835875 	12690387 	9833347 
A,TRT,IMP,T,PL	1350550 	1648103 	2012982 	2353645 	2761558 	2555675 
A,TRT,IMP,T,PT	0 	0 	0 	0 	2657683 	2382808 
A,TRT,IMP,T,RO	0 d	0 d	0 d	0 d	667737 d	590143 d
A,TRT,IMP,T,SE	3037596 	3333884 	3077782 	3315731 	3315641 	: 
A,TRT,IMP,T,SI	1337712 	1362571 	1388644 	1406386 	1097665 	952521 
A,TRT,IMP,T,SK	0 d	0 d	0 d	0 d	597232 d	919925 d
A,TRT,IMP,T,UK	1632008 	1323559 	1429898 	1520756 	: 	: 
